Lug Order,Position,Date of 1st Budbreak,Total Buds,1-Jan,15-Jan,#floral 1-Jan,#floral 15-Jan,Comments 1-Jan,Comments 15-Jan,,Lug Order,Position,Date of First Budbreak,Total Buds,20-Dec,3-Jan,#floral 20-Dec,#floral 3-Jan,Comments 20-Dec,Comments 3-Jan
APF-665T_3_19_B_1,310,1-Jan,18,8,16,3,4,3 floral buds,3 floral bud 4 day 2,,Osage_1_A_1,1,,15,0,0,0,0,,
A-2615T_8_11_B_1,437,1-Jan,18,12,16,0,10,,10 floral,,Ouachita_1_A_1,2,,18,0,0,0,0,,
APF-667T_5_16_B_1,361,1-Jan,18,12,15,0,1,,1 floral,,A-2717T_1_1_A_1,3,3-Jan,18,0,1,0,0,,
APF-673T_2_15_C_1,514,1-Jan,15,9,14,0,0,,,,A-2724T_1_2_A_1,4,,17,0,0,0,0,,
A-2615T_8_11_C_1,672,1-Jan,18,5,14,0,3,,3 floral,,A-2949T_1_3_A_1,5,20-Dec,12,1,8,0,0,,
APF-708T_7_20_B_1,419,1-Jan,14,9,13,0,4,,4 floral,,A-2958T_1_4_A_1,6,,18,0,0,0,0,,
APF-667T_5_16_C_1,596,1-Jan,18,10,13,0,0,,,,A-2965T_1_5_A_1,7,3-Jan,18,0,1,0,0,,
APF-704T_9_14_A_1,232,1-Jan,18,5,12,0,0,,,,A-2968T_1_6_A_1,8,,17,0,0,0,0,,
APF-673T_2_15_D_1,749,1-Jan,14,11,12,0,0,,,,A-2768T_1_7_A_1,9,,18,0,0,0,0,,
APF-677T_5_18_C_1,598,1-Jan,16,11,11,0,0,,,,A-2787T_1_8_A_1,10,20-Dec,17,1,1,0,1,,1 floral bud
APF-673T_2_15_A_1,44,1-Jan,18,9,10,0,0,,,,A-2524T_1_9_A_1,11,,17,0,0,0,0,,
Osage_5_A_1,109,1-Jan,19,3,10,0,0,,,,A-2614TPF_1_10_A_1,12,,18,0,0,0,0,,
APF-667T_5_16_A_1,126,1-Jan,16,6,10,0,0,,,,A-2606T_1_11_A_1,13,,17,0,0,0,0,,
Osage_8_A_1,190,1-Jan,16,3,10,0,0,,,,A-2658T_1_12_A_1,14,,17,0,0,0,0,,
Osage_2_D_1,733,15-Jan,17,0,10,0,0,,,,A-2829T_1_13_A_1,15,,18,0,0,0,0,,
APF-677T_5_18_D_1,833,1-Jan,18,6,10,0,0,,,,A-2852T_1_14_A_1,16,3-Jan,18,0,3,0,0,,
Osage_9_D_1,922,1-Jan,18,5,10,0,0,,,,A-2855T_1_15_A_1,17,,18,0,0,0,0,,
APF-683T_1_22_A_1,24,1-Jan,16,4,9,0,3,,3 floral,,A-2871T_1_16_A_1,18,,18,0,0,0,0,,
APF-677T_5_18_A_1,128,1-Jan,18,6,9,0,0,,,,A-2872T_1_17_A_1,19,3-Jan,20,0,1,0,0,,
A-2473T_2_6_B_1,270,1-Jan,18,2,9,0,0,,,,A-2890T_1_18_A_1,20,,18,0,0,0,0,,
Osage_9_B_1,452,1-Jan,17,6,9,0,0,,,,A-2905T_1_19_A_1,21,,14,0,0,0,0,,
APF-686T_9_13_B_1,466,1-Jan,16,5,9,0,0,,,,APF-653T_1_20_A_1,22,,18,0,0,0,0,,
APF-665T_3_19_C_1,545,1-Jan,19,7,9,0,0,,,,APF-666T_1_21_A_1,23,3-Jan,17,0,1,0,0,,
Osage_4_C_1,552,15-Jan,21,0,9,0,0,,,,APF-683T_1_22_A_1,24,3-Jan,18,0,4,0,0,,
A-2956TN_6_25_D_1,867,1-Jan,14,2,9,0,0,,,,A-2920T_1_23_A_1,25,3-Jan,17,0,8,0,0,,
APF-708T_7_20_D_1,889,1-Jan,14,8,9,0,4,1 cutting has 3 buds already fruited so short of 18. 14 buds,1 cutting has 3 buds already fruited so short of 18. 14 buds 4 floral,,A-2925T_1_24_A_1,26,,17,0,0,0,0,,
A-2877T_8_15_D_1,911,1-Jan,17,9,9,0,0,,,,APF-672TN_1_25_A_1,27,,,,,0,0,no cuttings,no cuttings
APF-702T_5_22_A_1,132,1-Jan,17,3,8,0,0,,,,Osage_2_A_1,28,3-Jan,16,0,4,0,0,,
A-2615T_8_11_A_1,202,1-Jan,17,1,8,0,5,,#5 floral,,Ouachita_2_A_1,29,,17,0,0,0,0,,
A-2940TN_8_24_A_1,215,1-Jan,17,3,8,0,0,,,,Immaculate_2_1_A_1,30,,18,0,0,0,0,,
APF-686T_9_13_A_1,231,1-Jan,16,3,8,0,3,,3 floral,,A-2740T_2_2_A_1,31,3-Jan,18,0,1,0,0,,
A-2837T_5_6_B_1,351,1-Jan,17,4,8,0,0,,,,A-2966T_2_3_A_1,32,,17,0,0,0,0,,
Osage_1_C_1,471,15-Jan,21,0,8,0,0,,,,Lochness_2_4_A_1,33,,18,0,0,0,0,,
A-2473T_2_6_D_1,740,1-Jan,16,3,8,0,0,,,,A-2782T_2_5_A_1,34,,18,0,0,0,0,,
APF-661TN_2_25_D_1,759,1-Jan,16,6,8,0,0,,,,A-2473T_2_6_A_1,35,20-Dec,18,1,7,0,0,,
APF-674T_9_10_D_1,933,1-Jan,16,3,8,0,0,,,,A-2820T_2_7_A_1,36,,18,0,0,0,0,,
APF-686T_9_13_D_1,936,1-Jan,16,3,8,0,0,,,,A-2660T_2_8_A_1,37,,18,0,0,0,0,,
A-2933TN_9_16_D_1,939,15-Jan,12,0,8,0,0,,,,A-2708T_2_9_A_1,38,,18,0,0,0,0,,
APF-651T_5_12_A_1,122,1-Jan,18,3,7,0,0,,,,A-2853T_2_10_A_1,39,3-Jan,17,0,1,0,0,,
APF-658T_5_13_A_1,123,15-Jan,17,0,7,0,0,,,,A-2860T_2_11_A_1,40,,18,0,0,0,0,,
APF-673T_2_15_B_1,279,1-Jan,13,7,7,0,0,,,,A-2560T_2_12_A_1,41,,18,0,0,0,0,,
APF-698T_5_21_B_1,366,1-Jan,18,2,7,0,0,,,,A-2911T_2_13_A_1,42,,18,0,0,0,0,,
APF-707T_7_19_B_1,418,1-Jan,16,5,7,0,0,,,,APF-669T_2_14_A_1,43,,18,0,0,0,0,,
A-2877T_8_15_B_1,441,1-Jan,17,5,7,0,0,,,,APF-673T_2_15_A_1,44,,18,0,0,0,0,,
APF-666T_1_21_C_1,493,15-Jan,18,0,7,0,0,,,,APF-689T_2_16_A_1,45,3-Jan,17,0,1,0,0,,
APF-683T_1_22_D_1,729,15-Jan,15,0,7,0,0,,,,APF-699T_2_17_A_1,46,3-Jan,18,0,1,0,0,,
APF-682T_9_12_D_1,935,1-Jan,10,2,7,0,0,2 cuttings only,2 cuttings only,,APF-701T_2_18_A_1,47,3-Jan,18,0,2,0,0,,
APF-699T_2_17_A_1,46,15-Jan,16,0,6,0,0,,,,APF-705T_2_19_A_1,48,,0,0,0,0,0,,
APF-657T_4_17_A_1,100,15-Jan,17,0,6,0,0,,,,A-2935T_2_20_A_1,49,,18,0,0,0,0,,
APF-707T_7_19_A_1,183,15-Jan,15,0,6,0,0,,,,A-2936T_2_21_A_1,50,,18,0,0,0,0,,
A-2877T_8_15_A_1,206,1-Jan,17,3,6,0,0,,,,Superlicious_2_22_A_1,51,,18,0,0,0,0,,
Osage_9_A_1,217,15-Jan,16,0,6,0,0,,,,A-2792TN_2_23_A_1,52,,18,0,0,0,0,,
Osage_3_B_1,290,1-Jan,20,6,6,0,0,,,,A-2934TN_2_24_A_1,53,,18,0,0,0,0,,
A-2791TNPF_8_22_B_1,448,15-Jan,15,0,6,0,0,,,,APF-661TN_2_25_A_1,54,3-Jan,18,0,1,0,0,,
A-2940TN_8_24_B_1,450,1-Jan,17,5,6,0,0,,,,Osage_3_A_1,55,,18,0,0,0,0,,
APF-704T_9_14_B_1,467,1-Jan,17,3,6,0,0,,,,Ouachita_3_A_1,56,,18,0,0,0,0,,
Osage_3_C_1,525,1-Jan,18,2,6,0,0,,,,A-2954T_3_1_A_1,57,,18,0,0,0,0,,
A-2837T_5_6_C_1,586,1-Jan,18,1,6,0,0,,,,A-2959T_3_2_A_1,58,,18,0,0,0,0,,
Osage_8_C_1,660,15-Jan,17,0,6,0,0,,,,A-2960T_3_3_A_1,59,,18,0,0,0,0,,
APF-686T_9_13_C_1,701,15-Jan,18,0,6,0,0,,,,Osage_3_4_A_1,60,,18,0,0,0,0,,
APF-668T_5_17_D_1,832,1-Jan,16,6,6,0,0,,,,A-2759T_3_5_A_1,61,,18,0,0,0,0,,
APF-707T_7_19_D_1,888,1-Jan,15,1,6,0,0,,,,A-2788T_3_6_A_1,62,,18,0,0,0,0,,
A-2876T_4_14_A_1,97,1-Jan,17,4,5,0,0,,,,A-2454T_3_7_A_1,63,,18,0,0,0,0,,
A-2956TN_6_25_A_1,162,1-Jan,18,3,5,0,0,,,,A-2491T_3_8_A_1,64,,18,0,0,0,0,,
Osage_7_A_1,163,15-Jan,17,0,5,0,0,,,,A-2642T_3_9_A_1,65,,18,0,0,0,0,,
APF-682T_9_12_A_1,230,15-Jan,16,0,5,0,0,,,,A-2610T_3_10_A_1,66,,18,0,0,0,0,,
APF-683T_1_22_B_1,259,1-Jan,18,5,5,0,0,,,,Natchez_3_11_A_1,67,,18,0,0,0,0,,
APF-694T_3_20_B_1,311,1-Jan,19,3,5,0,0,,,,A-2854T_3_12_A_1,68,,18,0,0,0,0,,
PrimeArkHorizon_4_22_B_1,340,1-Jan,18,2,5,0,0,,,,A-2882T_3_13_A_1,69,,18,0,0,0,0,,
APF-668T_5_17_B_1,362,1-Jan,18,3,5,0,0,,,,A-2883T_3_14_A_1,70,,18,0,0,0,0,,
APF-677T_5_18_B_1,363,1-Jan,18,4,5,0,0,,,,A-2898T_3_15_A_1,71,,18,0,0,0,0,,
APF-674T_9_10_B_1,463,1-Jan,18,2,5,0,0,,,,A-2902T_3_16_A_1,72,,18,0,0,0,0,,
APF-682T_9_12_B_1,465,1-Jan,17,1,5,0,0,,,,APF-652T_3_17_A_1,73,20-Dec,21,2,6,0,0,,
APF-683T_1_22_C_1,494,1-Jan,16,3,5,0,0,,,,APF-656T_3_18_A_1,74,3-Jan,16,0,1,0,0,,
APF-668T_5_17_C_1,597,1-Jan,16,1,5,0,0,,,,APF-665T_3_19_A_1,75,,18,0,0,0,0,,
A-2956TN_6_25_C_1,632,1-Jan,17,2,5,0,0,,,,APF-694T_3_20_A_1,76,3-Jan,16,0,8,0,0,,
APF-708T_7_20_C_1,654,1-Jan,18,1,5,0,0,,,,APF-695T_3_21_A_1,77,,18,0,0,0,0,,
APF-674T_9_10_C_1,698,1-Jan,16,1,5,0,0,,,,A-2789TN_3_22_A_1,78,,18,0,0,0,0,,
A-2614TPF_1_10_D_1,717,15-Jan,18,0,5,0,0,,,,A-2790TN_3_23_A_1,79,,18,0,0,0,0,,
APF-699T_2_17_D_1,751,15-Jan,16,0,5,0,2,,2 floral,,A-2932TN_3_24_A_1,80,,18,0,0,0,0,,
PrimeArkHorizon_4_22_D_1,810,1-Jan,18,5,5,0,0,,,,APF-703TN_3_25_A_1,81,,18,0,0,0,0,,
APF-698T_5_21_D_1,836,1-Jan,18,5,5,0,0,,,,Osage_4_A_1,82,,18,0,0,0,0,,
APF-662TN_5_25_D_1,840,1-Jan,18,1,5,0,0,,,,Ouachita_4_A_1,83,,18,0,0,0,0,,
Osage_6_D_1,841,15-Jan,20,0,5,0,0,,,,A-2944T_4_1_A_1,84,20-Dec,17,1,1,0,0,,
APF-647T_7_13_D_1,882,15-Jan,17,0,5,0,0,,,,A-2948T_4_2_A_1,85,,18,0,0,0,0,,
APF-645TN_8_25_D_1,921,1-Jan,18,1,5,0,0,,,,A-2951T_4_3_A_1,86,,18,0,0,0,0,,
A-2957TN_9_17_D_1,940,,16,0,5,0,0,,,,A-2961T_4_4_A_1,87,3-Jan,18,0,3,0,0,,
A-2968T_1_6_A_1,8,15-Jan,17,0,4,0,3,,3 floral,,A-2784T_4_5_A_1,88,3-Jan,16,0,3,0,0,,
APF-666T_1_21_A_1,23,1-Jan,16,3,4,0,3,,3 floral,,A-2799T_4_6_A_1,89,,18,0,0,0,0,,
APF-665T_3_19_A_1,75,1-Jan,18,3,4,0,0,,,,Ponca_4_7_A_1,90,,18,0,0,0,0,,
PrimeArkHorizon_4_22_A_1,105,1-Jan,17,3,4,0,0,,,,A-2596T_4_8_A_1,91,3-Jan,17,0,2,0,0,,
APF-668T_5_17_A_1,127,15-Jan,18,0,4,0,0,,,,A-2823T_4_9_A_1,92,,18,0,0,0,0,,
APF-662TN_5_25_A_1,135,1-Jan,18,1,4,0,0,,,,A-2587T_4_10_A_1,93,3-Jan,18,0,4,0,4,,4 floral buds
APF-685T_6_24_A_1,161,15-Jan,13,0,4,0,0,,,,A-2713T_4_11_A_1,94,,18,0,0,0,0,,
A-2957TN_9_17_A_1,235,15-Jan,19,0,4,0,0,,,,A-2526T_4_12_A_1,95,,18,0,0,0,0,,
A-2949T_1_3_B_1,240,1-Jan,19,3,4,0,0,,,,A-2850T_4_13_A_1,96,,18,0,0,0,0,,
APF-685T_6_24_B_1,396,1-Jan,18,1,4,0,0,,,,A-2876T_4_14_A_1,97,,18,0,0,0,0,,
APF-647T_7_13_B_1,412,15-Jan,18,0,4,0,0,,,,A-2907T_4_15_A_1,98,,18,0,0,0,0,,
APF-691T_7_16_B_1,415,1-Jan,18,2,4,0,3,,3 floral,,APF-655T_4_16_A_1,99,,18,0,0,0,0,,
Osage_8_B_1,425,1-Jan,17,1,4,0,0,,,,APF-657T_4_17_A_1,100,20-Dec,17,2,5,0,0,,
APF-645TN_8_25_B_1,451,15-Jan,17,0,4,0,0,,,,APF-675T_4_18_A_1,101,20-Dec,17,2,9,0,0,,
A-2933TN_9_16_B_1,469,15-Jan,17,0,4,0,0,,,,APF-676T_4_19_A_1,102,,18,0,0,0,0,,
A-2957TN_9_17_B_1,470,15-Jan,18,0,4,0,0,,,,APF-688T_4_20_A_1,103,,18,0,0,0,0,,
A-2965T_1_5_C_1,477,15-Jan,16,0,4,0,0,,,,APF-690T_4_21_A_1,104,,18,0,0,0,0,,
Osage_3_4_C_1,530,15-Jan,18,0,4,0,0,,,,PrimeArkHorizon_4_22_A_1,105,20-Dec,16,3,6,0,0,,
APF-652T_3_17_C_1,543,1-Jan,15,3,4,0,0,,,,PrimeArkFreedom_4_23_A_1,106,3-Jan,19,0,2,0,0,,
Ouachita_4_C_1,553,15-Jan,16,0,4,0,0,,,,A-2926T_4_24_A_1,107,,18,0,0,0,0,,
PrimeArkHorizon_4_22_C_1,575,1-Jan,18,4,4,0,0,,,,A-2929TN_4_25_A_1,108,,18,0,0,0,0,,
APF-662TN_5_25_C_1,605,1-Jan,17,4,4,0,1,,1 floral,,Osage_5_A_1,109,,18,0,0,0,0,,
APF-685T_6_24_C_1,631,1-Jan,5,3,4,1,1,1 cutting only,1 cutting only,,Ouachita_5_A_1,110,,18,0,0,0,0,,
APF-691T_7_16_C_1,650,1-Jan,16,3,4,0,0,,,,A-2950T_5_1_A_1,111,,18,0,0,0,0,,
APF-707T_7_19_C_1,653,1-Jan,14,1,4,0,0,,,,A-2967T_5_2_A_1,112,,18,0,0,0,0,,
A-2940TN_8_24_C_1,685,1-Jan,17,2,4,0,0,,,,A-2709T_5_3_A_1,113,20-Dec,15,2,2,0,0,,
APF-648T_9_9_C_1,697,1-Jan,15,3,4,3,4,3 floral buds,3 floral buds 4  floral buds,,Caddo_5_4_A_1,114,,18,0,0,0,0,,
A-2957TN_9_17_C_1,705,15-Jan,18,0,4,0,0,,,,Navaho_5_5_A_1,115,,18,0,0,0,0,,
APF-705T_2_19_D_1,753,15-Jan,15,0,4,0,0,,,,A-2837T_5_6_A_1,116,3-Jan,17,0,1,0,0,,
A-2883T_3_14_D_1,775,15-Jan,18,0,4,0,0,,,,A-2863T_5_7_A_1,117,,18,0,0,0,0,,
APF-680T_6_23_D_1,865,15-Jan,17,0,4,0,3,,3 floral,,A-2884T_5_8_A_1,118,,18,0,0,0,0,,
A-2940TN_8_24_D_1,920,1-Jan,16,4,4,0,1,,1 floral,,A-2885T_5_9_A_1,119,,18,0,0,0,0,,
A-2473T_2_6_A_1,35,1-Jan,17,1,3,0,0,,,,A-2886T_5_10_A_1,120,,18,0,0,0,0,,
APF-687T_5_19_A_1,129,1-Jan,18,2,3,0,0,,,,A-2893T_5_11_A_1,121,,18,0,0,0,0,,
A-2946T_6_1_A_1,138,15-Jan,17,0,3,0,0,,,,APF-651T_5_12_A_1,122,,18,0,0,0,0,,
APF-691T_7_16_A_1,180,15-Jan,18,0,3,0,0,,,,APF-658T_5_13_A_1,123,20-Dec,17,2,2,0,0,,
APF-674T_9_10_A_1,228,15-Jan,18,0,3,0,0,,,,APF-659T_5_14_A_1,124,20-Dec,17,2,2,0,0,,
APF-681T_9_11_A_1,229,15-Jan,18,0,3,0,0,,,,APF-664T_5_15_A_1,125,,18,0,0,0,0,,
A-2933TN_9_16_A_1,234,15-Jan,18,0,3,0,0,,,,APF-667T_5_16_A_1,126,,,,,0,0,no cuttings,no cuttings
A-2614TPF_1_10_B_1,247,15-Jan,15,0,3,0,2,,2 floral buds,,APF-668T_5_17_A_1,127,,,,,0,0,no cuttings,no cuttings
Osage_2_B_1,263,15-Jan,16,0,3,0,0,,,,APF-677T_5_18_A_1,128,,,,,0,0,no cuttings,no cuttings
APF-657T_4_17_B_1,335,15-Jan,17,0,3,0,0,,,,APF-687T_5_19_A_1,129,,18,0,0,0,0,,
APF-662TN_5_25_B_1,370,1-Jan,17,3,3,0,0,,,,APF-697T_5_20_A_1,130,3-Jan,17,0,5,0,0,,
Osage_7_B_1,398,1-Jan,18,2,3,0,0,,,,APF-698T_5_21_A_1,131,20-Dec,17,4,10,0,0,,
A-2880T_7_9_B_1,408,1-Jan,18,2,3,0,0,,,,APF-702T_5_22_A_1,132,20-Dec,17,3,3,0,0,,
APF-654T_8_18_B_1,444,15-Jan,18,0,3,0,0,,,,A-2922T_5_23_A_1,133,,18,0,0,0,0,,
A-2949T_1_3_C_1,475,1-Jan,22,3,3,0,0,,,,A-2931TN_5_24_A_1,134,,18,0,0,0,0,,
APF-699T_2_17_C_1,516,15-Jan,16,0,3,0,0,,,,APF-662TN_5_25_A_1,135,,18,0,0,0,0,,
APF-705T_2_19_C_1,518,15-Jan,18,0,3,0,0,,,,Osage_6_A_1,136,,18,0,0,0,0,,
APF-695T_3_21_C_1,547,15-Jan,18,0,3,0,0,,,,Ouachita_6_A_1,137,,18,0,0,0,0,,
A-2909T_6_21_C_1,628,1-Jan,17,3,3,0,0,,,,A-2946T_6_1_A_1,138,,18,0,0,0,0,,
APF-647T_7_13_C_1,647,15-Jan,16,0,3,0,0,,,,A-2733T_6_2_A_1,139,,18,0,0,0,0,,
A-2949T_1_3_D_1,710,1-Jan,21,2,3,0,0,,,,Tupy_6_3_A_1,140,,18,0,0,0,0,,
A-2560T_2_12_D_1,746,1-Jan,15,1,3,0,0,,,,A-2652T_6_4_A_1,141,3-Jan,17,0,1,0,0,,
APF-694T_3_20_D_1,781,1-Jan,18,3,3,0,0,,,,A-2821T_6_5_A_1,142,,18,0,0,0,0,,
A-2784T_4_5_D_1,793,1-Jan,17,1,3,0,0,,,,A-2687T_6_6_A_1,143,,18,0,0,0,0,,
A-2526T_4_12_D_1,800,15-Jan,17,0,3,0,0,,,,A-2832T_6_7_A_1,144,,18,0,0,0,0,,
APF-657T_4_17_D_1,805,1-Jan,18,1,3,0,0,,,,A-2834T_6_8_A_1,145,,18,0,0,0,0,,
APF-667T_5_16_D_1,831,1-Jan,16,3,3,0,0,,,,A-2849T_6_9_A_1,146,,18,0,0,0,0,,
APF-691T_7_16_D_1,885,1-Jan,18,1,3,0,2,,2 floral,,A-2851T_6_10_A_1,147,3-Jan,18,0,3,0,0,,
A-2710T_8_10_D_1,906,1-Jan,18,2,3,0,0,,,,A-2856T_6_11_A_1,148,,18,0,0,0,0,,
A-2617T_8_12_D_1,908,15-Jan,18,0,3,0,0,,,,A-2857T_6_12_A_1,149,,18,0,0,0,0,,
A-2900T_8_17_D_1,913,1-Jan,16,2,3,0,0,,,,A-2861T_6_13_A_1,150,,18,0,0,0,0,,
A-2708T_2_9_A_1,38,1-Jan,17,2,2,0,0,,,,A-2862T_6_14_A_1,151,3-Jan,18,0,1,0,0,,
Caddo_5_4_A_1,114,1-Jan,16,1,2,0,0,,,,A-2870T_6_15_A_1,152,,18,0,0,0,0,,
A-2851T_6_10_A_1,147,15-Jan,17,0,2,0,0,,,,A-2878T_6_16_A_1,153,3-Jan,15,0,2,0,0,,
A-2880T_7_9_A_1,173,15-Jan,19,0,2,0,0,,,,A-2879T_6_17_A_1,154,,18,0,0,0,0,,
APF-679T_7_15_A_1,179,15-Jan,18,0,2,0,0,,,,A-2899T_6_18_A_1,155,,18,,0,0,0,,
APF-708T_7_20_A_1,184,15-Jan,16,0,2,0,0,,,,A-2904T_6_19_A_1,156,,18,0,0,0,0,,
A-2684T_8_9_A_1,200,15-Jan,17,0,2,0,0,,,,A-2906T_6_20_A_1,157,3-Jan,17,0,2,0,0,,
A-2900T_8_17_A_1,208,1-Jan,16,1,2,0,0,,,,A-2909T_6_21_A_1,158,3-Jan,17,0,6,0,0,,
APF-692T_8_20_A_1,211,15-Jan,17,0,2,0,2,,2 floral,,APF-649T_6_22_A_1,159,20-Dec,18,1,2,0,0,,
A-2791TNPF_8_22_A_1,213,15-Jan,15,0,2,0,0,,,,APF-680T_6_23_A_1,160,3-Jan,15,0,2,0,0,,
APF-645TN_8_25_A_1,216,15-Jan,18,0,2,0,0,,,,APF-685T_6_24_A_1,161,,,,,0,0,no cuttings,no cuttings
A-2965T_1_5_B_1,242,15-Jan,16,0,2,0,0,,,,A-2956TN_6_25_A_1,162,3-Jan,19,0,2,0,0,,
A-2658T_1_12_B_1,249,15-Jan,18,0,2,0,0,,,,Osage_7_A_1,163,3-Jan,14,0,8,0,0,,
APF-666T_1_21_B_1,258,1-Jan,16,2,2,0,0,,,,Ouachita_7_A_1,164,,18,0,0,0,0,,
A-2708T_2_9_B_1,273,1-Jan,18,1,2,0,0,,,,A-2945T_7_1_A_1,165,,18,0,0,0,0,,
Osage_3_4_B_1,295,1-Jan,18,1,2,0,0,,,,A-2947T_7_2_A_1,166,,18,0,0,0,0,,
APF-652T_3_17_B_1,308,1-Jan,16,2,2,0,0,,,,A-2963T_7_3_A_1,167,,18,0,0,0,0,,
A-2790TN_3_23_B_1,314,15-Jan,19,0,2,0,0,,,,A-2969T_7_4_A_1,168,3-Jan,17,0,1,0,0,,
Osage_5_B_1,344,15-Jan,21,0,2,0,0,,,,Ouachita_7_5_A_1,169,,18,0,0,0,0,,
APF-651T_5_12_B_1,357,1-Jan,17,1,2,0,0,,,,A-2484T_7_6_A_1,170,,18,0,0,0,0,,
APF-687T_5_19_B_1,364,15-Jan,18,0,2,0,0,,,,A-2520T_7_7_A_1,171,,18,0,0,0,0,,
A-2946T_6_1_B_1,373,15-Jan,16,0,2,0,0,,,,A-2810T_7_8_A_1,172,,18,0,0,0,0,,
A-2878T_6_16_B_1,388,15-Jan,16,0,2,0,0,,,,A-2880T_7_9_A_1,173,,18,0,0,0,0,,
A-2945T_7_1_B_1,400,15-Jan,17,0,2,0,0,,,,A-2892T_7_10_A_1,174,,18,0,0,0,0,,
A-2810T_7_8_B_1,407,1-Jan,15,1,2,0,0,,,,A-2908T_7_11_A_1,175,,18,0,0,0,0,,
APF-696T_7_17_B_1,416,1-Jan,18,1,2,0,0,,,,A-2912T_7_12_A_1,176,3-Jan,17,0,3,0,0,,
A-2930TN_7_24_B_1,423,15-Jan,21,0,2,0,0,,,,APF-647T_7_13_A_1,177,3-Jan,20,0,5,0,0,,
A-2942TN_7_25_B_1,424,15-Jan,17,0,2,0,0,,,,APF-660T_7_14_A_1,178,,18,0,0,0,0,,
A-2874T_8_14_B_1,440,15-Jan,18,0,2,0,0,,,,APF-679T_7_15_A_1,179,20-Dec,19,1,2,0,0,,
A-2900T_8_17_B_1,443,1-Jan,18,1,2,0,0,,,,APF-691T_7_16_A_1,180,3-Jan,18,0,1,0,0,,
APF-648T_9_9_B_1,462,1-Jan,16,1,2,0,2,,2 floral buds,,APF-696T_7_17_A_1,181,,18,0,0,0,0,,
A-2871T_1_16_C_1,488,15-Jan,16,0,2,0,2,,2 floral,,APF-703T_7_18_A_1,182,,,,,0,0,no cuttings,no cuttings
A-2820T_2_7_C_1,506,15-Jan,18,0,2,0,0,,,,APF-707T_7_19_A_1,183,,18,0,0,0,0,,
A-2709T_5_3_C_1,583,1-Jan,17,2,2,0,0,,,,APF-708T_7_20_A_1,184,,18,0,0,0,0,,
APF-680T_6_23_C_1,630,1-Jan,17,2,2,2,2,2 floral buds,2 floral buds 1 open flower,,A-2916T_7_21_A_1,185,,18,0,0,0,0,,
Osage_7_C_1,633,1-Jan,18,1,2,0,0,,,,A-2921T_7_22_A_1,186,,18,0,0,0,0,,
A-2945T_7_1_C_1,635,1-Jan,15,2,2,0,1,,1 floral,,A-2752T_7_23_A_1,187,,18,0,0,0,0,,
APF-696T_7_17_C_1,651,15-Jan,18,0,2,0,0,,,,A-2930TN_7_24_A_1,188,,18,0,0,0,0,,
A-2964T_8_4_C_1,665,15-Jan,18,0,2,0,0,,,,A-2942TN_7_25_A_1,189,,18,0,0,0,0,,
A-2710T_8_10_C_1,671,15-Jan,19,0,2,0,0,,,,Osage_8_A_1,190,,18,0,0,0,0,,
APF-645TN_8_25_C_1,686,15-Jan,18,0,2,0,0,,,,Ouachita_8_A_1,191,,18,0,0,0,0,,
APF-682T_9_12_C_1,700,1-Jan,15,2,2,0,0,,,,A-2952T_8_1_A_1,192,3-Jan,19,0,1,0,0,,
APF-704T_9_14_C_1,702,15-Jan,16,0,2,0,0,,,,A-2955T_8_2_A_1,193,,18,0,0,0,0,,
A-2933TN_9_16_C_1,704,15-Jan,18,0,2,0,0,,,,A-2962T_8_3_A_1,194,,18,0,0,0,0,,
Osage_3_D_1,760,15-Jan,20,0,2,0,0,,,,A-2964T_8_4_A_1,195,,18,0,0,0,0,,
Ouachita_3_D_1,761,15-Jan,17,0,2,0,0,,,,A-2825T_8_5_A_1,196,3-Jan,16,0,2,0,0,,
Osage_3_4_D_1,765,15-Jan,16,0,2,0,0,,,,A-2701T_8_6_A_1,197,,18,0,0,0,0,,
A-2876T_4_14_D_1,802,15-Jan,11,0,2,0,0,2 cuttings,2 cuttings,,A-1960T_8_7_A_1,198,,18,0,0,0,0,,
A-2929TN_4_25_D_1,813,15-Jan,17,0,2,0,0,,,,Stella_8_8_A_1,199,,18,0,0,0,0,,
Osage_5_D_1,814,15-Jan,18,0,2,0,0,,,,A-2684T_8_9_A_1,200,,18,0,0,0,0,,
APF-702T_5_22_D_1,837,15-Jan,20,0,2,0,0,,,,A-2710T_8_10_A_1,201,,18,0,0,0,0,,
APF-696T_7_17_D_1,886,15-Jan,16,0,2,0,0,,,,A-2615T_8_11_A_1,202,20-Dec,17,4,4,0,0,,
Osage_8_D_1,895,15-Jan,17,0,2,0,0,,,,A-2617T_8_12_A_1,203,,18,0,0,0,0,,
APF-681T_9_11_D_1,934,1-Jan,17,2,2,0,0,,,,A-2828T_8_13_A_1,204,,18,0,0,0,0,,
Osage_1_A_1,1,15-Jan,18,0,1,0,0,,,,A-2874T_8_14_A_1,205,3-Jan,17,0,1,0,0,,
A-2949T_1_3_A_1,5,1-Jan,18,1,1,0,0,,,,A-2877T_8_15_A_1,206,20-Dec,17,9,11,0,0,,
A-2614TPF_1_10_A_1,12,15-Jan,18,0,1,0,0,,,,A-2891T_8_16_A_1,207,,18,0,0,0,0,,
Osage_3_A_1,55,15-Jan,20,0,1,0,0,,,,A-2900T_8_17_A_1,208,,18,0,0,0,0,,
Ouachita_5_A_1,110,15-Jan,16,0,1,0,0,,,,APF-654T_8_18_A_1,209,,18,0,0,0,0,,
A-2950T_5_1_A_1,111,1-Jan,18,1,1,0,0,,,,APF-678T_8_19_A_1,210,20-Dec,17,2,2,0,0,,
A-2709T_5_3_A_1,113,1-Jan,17,1,1,0,0,,,,APF-692T_8_20_A_1,211,3-Jan,18,0,1,0,1,,floral bud
A-2837T_5_6_A_1,116,1-Jan,16,1,1,0,0,,,,APF-485T_8_21_A_1,212,20-Dec,19,2,7,0,0,,
APF-698T_5_21_A_1,131,1-Jan,16,1,1,0,0,,,,A-2791TNPF_8_22_A_1,213,,18,0,0,0,0,,
A-2652T_6_4_A_1,141,15-Jan,18,0,1,0,0,,,,A-2868TN_8_23_A_1,214,,18,0,0,0,0,,
A-2909T_6_21_A_1,158,15-Jan,16,0,1,0,0,,,,A-2940TN_8_24_A_1,215,,18,0,0,0,0,,
A-2945T_7_1_A_1,165,1-Jan,15,1,1,0,0,,,,APF-645TN_8_25_A_1,216,,18,0,0,0,0,,
A-2484T_7_6_A_1,170,15-Jan,16,0,1,0,0,,,,Osage_9_A_1,217,,18,0,0,0,0,,
A-2892T_7_10_A_1,174,15-Jan,16,0,1,0,0,,,,Ouachita_9_A_1,218,,18,0,0,0,0,,
APF-647T_7_13_A_1,177,15-Jan,16,0,1,0,0,,,,A-2826T_9_1_A_1,219,,18,0,0,0,0,,
APF-696T_7_17_A_1,181,15-Jan,17,0,1,0,0,,,,A-2685T_9_2_A_1,220,,18,0,0,0,0,,
A-2942TN_7_25_A_1,189,15-Jan,17,0,1,0,0,,,,Apache_9_3_A_1,221,,18,0,0,0,0,,
Ouachita_8_A_1,191,1-Jan,15,1,1,0,0,,,,A-2778T_9_4_A_1,222,,18,0,0,0,0,,
A-2964T_8_4_A_1,195,15-Jan,18,0,1,0,0,,,,Von_9_5_A_1,223,,18,0,0,0,0,,
A-2701T_8_6_A_1,197,15-Jan,16,0,1,0,0,,,,A-2453T_9_6_A_1,224,,18,0,0,0,0,,
A-2874T_8_14_A_1,205,15-Jan,17,0,1,0,0,,,,A-2807T_9_7_A_1,225,,18,0,0,0,0,,
APF-654T_8_18_A_1,209,15-Jan,18,0,1,0,0,,,,A-2897T_9_8_A_1,226,,18,0,0,0,0,,
A-2868TN_8_23_A_1,214,15-Jan,18,0,1,0,0,,,,APF-648T_9_9_A_1,227,20-Dec,19,1,1,0,0,,
Ouachita_9_A_1,218,15-Jan,15,0,1,0,0,,,,APF-674T_9_10_A_1,228,3-Jan,19,0,5,0,0,,
A-2917T_9_15_A_1,233,15-Jan,18,0,1,0,0,,,,APF-681T_9_11_A_1,229,20-Dec,16,2,2,0,0,,
A-2871T_1_16_B_1,253,15-Jan,16,0,1,0,1,,1 floral bud,,APF-682T_9_12_A_1,230,3-Jan,17,0,5,0,0,,
A-2872T_1_17_B_1,254,15-Jan,18,0,1,0,0,,,,APF-686T_9_13_A_1,231,20-Dec,17,4,10,0,0,,
APF-653T_1_20_B_1,257,15-Jan,16,0,1,0,0,,,,APF-704T_9_14_A_1,232,3-Jan,18,0,3,0,0,,
APF-689T_2_16_B_1,280,15-Jan,17,0,1,0,0,,,,A-2917T_9_15_A_1,233,20-Dec,21,2,2,0,0,,
Ouachita_3_B_1,291,15-Jan,20,0,1,0,0,,,,A-2933TN_9_16_A_1,234,20-Dec,19,2,5,0,0,,
A-2954T_3_1_B_1,292,15-Jan,17,0,1,0,0,,,,A-2957TN_9_17_A_1,235,,18,0,0,0,0,,
A-2491T_3_8_B_1,299,15-Jan,19,0,1,0,1,,1 floral,,Osage_1_B_1,236,,18,0,0,0,0,,
A-2883T_3_14_B_1,305,15-Jan,18,0,1,0,0,,,,Ouachita_1_B_1,237,,18,0,0,0,0,,
APF-656T_3_18_B_1,309,15-Jan,17,0,1,0,0,,,,A-2717T_1_1_B_1,238,,18,0,0,0,0,,
APF-658T_5_13_B_1,358,15-Jan,18,0,1,0,0,,,,A-2724T_1_2_B_1,239,,18,0,0,0,0,,
APF-664T_5_15_B_1,360,15-Jan,18,0,1,0,0,,,,A-2949T_1_3_B_1,240,20-Dec,18,3,4,0,0,,
A-2922T_5_23_B_1,368,15-Jan,18,0,1,0,0,,,,A-2958T_1_4_B_1,241,,18,0,0,0,0,,
Osage_6_B_1,371,15-Jan,18,0,1,0,0,,,,A-2965T_1_5_B_1,242,20-Dec,17,3,3,0,0,,
A-2733T_6_2_B_1,374,15-Jan,18,0,1,0,0,,,,A-2968T_1_6_B_1,243,,18,0,0,0,0,,
A-2899T_6_18_B_1,390,15-Jan,14,0,1,0,0,,,,A-2768T_1_7_B_1,244,,18,0,0,0,0,,
APF-680T_6_23_B_1,395,15-Jan,18,0,1,0,0,,,,A-2787T_1_8_B_1,245,,18,0,0,0,0,,
Ouachita_7_B_1,399,15-Jan,17,0,1,0,0,,,,A-2524T_1_9_B_1,246,,18,0,0,0,0,,
APF-679T_7_15_B_1,414,15-Jan,18,0,1,0,0,,,,A-2614TPF_1_10_B_1,247,,18,0,0,0,0,,
A-2964T_8_4_B_1,430,1-Jan,18,1,1,0,0,,,,A-2606T_1_11_B_1,248,,18,0,0,0,0,,
A-2825T_8_5_B_1,431,15-Jan,16,0,1,0,0,,,,A-2658T_1_12_B_1,249,,18,0,0,0,0,,
A-2701T_8_6_B_1,432,1-Jan,18,1,1,0,0,,,,A-2829T_1_13_B_1,250,,18,0,0,0,0,,
APF-692T_8_20_B_1,446,1-Jan,17,1,1,1,1,1 floral bud,1 floral bud 1 open flower,,A-2852T_1_14_B_1,251,,18,0,0,0,0,,
APF-485T_8_21_B_1,447,15-Jan,18,0,1,0,0,,,,A-2855T_1_15_B_1,252,,18,0,0,0,0,,
APF-681T_9_11_B_1,464,15-Jan,16,0,1,0,0,,,,A-2871T_1_16_B_1,253,,18,0,0,0,0,,
Ouachita_1_C_1,472,15-Jan,16,0,1,0,0,,,,A-2872T_1_17_B_1,254,,18,0,0,0,0,,
Ouachita_2_C_1,499,15-Jan,17,0,1,0,0,,,,A-2890T_1_18_B_1,255,,18,0,0,0,0,,
A-2560T_2_12_C_1,511,1-Jan,18,1,1,0,0,,,,A-2905T_1_19_B_1,256,,18,0,0,0,0,,
A-2961T_4_4_C_1,557,15-Jan,18,0,1,0,0,,,,APF-653T_1_20_B_1,257,,18,0,0,0,0,,
PrimeArkFreedom_4_23_C_1,576,15-Jan,16,0,1,0,1,,1 floral,,APF-666T_1_21_B_1,258,20-Dec,20,4,14,0,2,,2 floral buds
Osage_5_C_1,579,15-Jan,16,0,1,0,0,,,,APF-683T_1_22_B_1,259,20-Dec,16,6,6,0,0,,
Osage_6_C_1,606,15-Jan,19,0,1,0,0,,,,A-2920T_1_23_B_1,260,,18,0,0,0,0,,
A-2963T_7_3_C_1,637,1-Jan,18,1,1,0,0,,,,A-2925T_1_24_B_1,261,,18,0,0,0,0,,
A-2880T_7_9_C_1,643,15-Jan,18,0,1,0,0,,,,APF-672TN_1_25_B_1,262,,,,,0,0,no cuttings,no cuttings
A-2942TN_7_25_C_1,659,15-Jan,15,0,1,0,0,,,,Osage_2_B_1,263,3-Jan,18,0,3,0,0,,
APF-692T_8_20_C_1,681,1-Jan,17,1,1,1,1,1 floral,1 floral,,Ouachita_2_B_1,264,3-Jan,14,0,1,0,0,,
A-2791TNPF_8_22_C_1,683,15-Jan,16,0,1,0,0,,,,Immaculate_2_1_B_1,265,,18,0,0,0,0,,
Osage_9_C_1,687,15-Jan,18,0,1,0,0,,,,A-2740T_2_2_B_1,266,,18,0,0,0,0,,
APF-681T_9_11_C_1,699,15-Jan,15,0,1,0,0,,,,A-2966T_2_3_B_1,267,,18,0,0,0,0,,
Osage_1_D_1,706,15-Jan,18,0,1,0,0,,,,Lochness_2_4_B_1,268,,18,0,0,0,0,,
APF-666T_1_21_D_1,728,1-Jan,16,1,1,0,1,,1 floral,,A-2782T_2_5_B_1,269,,18,0,0,0,0,,
A-2960T_3_3_D_1,764,15-Jan,17,0,1,0,0,,,,A-2473T_2_6_B_1,270,20-Dec,17,1,3,0,0,,
APF-652T_3_17_D_1,778,1-Jan,16,1,1,0,0,,,,A-2820T_2_7_B_1,271,,18,0,0,0,0,,
Osage_4_D_1,787,15-Jan,20,0,1,0,0,,,,A-2660T_2_8_B_1,272,,18,0,0,0,0,,
A-2961T_4_4_D_1,792,15-Jan,18,0,1,0,0,,,,A-2708T_2_9_B_1,273,,18,0,0,0,0,,
APF-651T_5_12_D_1,827,15-Jan,18,0,1,0,0,,,,A-2853T_2_10_B_1,274,,18,0,0,0,0,,
Ouachita_6_D_1,842,15-Jan,19,0,1,0,0,,,,A-2860T_2_11_B_1,275,,18,0,0,0,0,,
Osage_7_D_1,868,1-Jan,17,1,1,0,0,,,,A-2560T_2_12_B_1,276,,18,0,0,0,0,,
A-2930TN_7_24_D_1,893,15-Jan,20,0,1,0,0,,,,A-2911T_2_13_B_1,277,,18,0,0,0,0,,
A-2942TN_7_25_D_1,894,1-Jan,15,1,1,0,0,,,,APF-669T_2_14_B_1,278,,18,0,0,0,0,,
APF-692T_8_20_D_1,916,1-Jan,17,1,1,1,1,1 floral bud,1 floral bud,,APF-673T_2_15_B_1,279,20-Dec,24,5,10,0,0,,
APF-648T_9_9_D_1,932,1-Jan,16,1,1,0,1,1 floral bud,1 floral bud,,APF-689T_2_16_B_1,280,3-Jan,18,0,1,0,0,,
APF-704T_9_14_D_1,937,1-Jan,13,1,1,0,0,,,,APF-699T_2_17_B_1,281,3-Jan,22,0,1,0,0,,
A-2917T_9_15_D_1,938,15-Jan,19,0,1,0,0,,,,APF-701T_2_18_B_1,282,3-Jan,18,0,1,0,0,,
Ouachita_1_A_1,2,,18,0,0,0,0,,,,APF-705T_2_19_B_1,283,,18,0,0,0,0,,
A-2717T_1_1_A_1,3,,18,0,0,0,0,,,,A-2935T_2_20_B_1,284,,18,0,0,0,0,,
A-2724T_1_2_A_1,4,,18,0,0,0,0,,,,A-2936T_2_21_B_1,285,,18,0,0,0,0,,
A-2958T_1_4_A_1,6,,18,0,0,0,0,,,,Superlicious_2_22_B_1,286,,18,0,0,0,0,,
A-2965T_1_5_A_1,7,,18,0,0,0,0,,,,A-2792TN_2_23_B_1,287,,18,0,0,0,0,,
A-2768T_1_7_A_1,9,,18,0,0,0,0,,,,A-2934TN_2_24_B_1,288,,18,0,0,0,0,,
A-2787T_1_8_A_1,10,,18,0,0,0,0,,,,APF-661TN_2_25_B_1,289,20-Dec,18,2,3,0,0,,
A-2524T_1_9_A_1,11,,18,0,0,0,0,,,,Osage_3_B_1,290,,18,0,0,0,0,,
A-2606T_1_11_A_1,13,,18,0,0,0,0,,,,Ouachita_3_B_1,291,,18,0,0,0,0,,
A-2658T_1_12_A_1,14,,18,0,0,0,0,,,,A-2954T_3_1_B_1,292,3-Jan,18,0,2,0,0,,
A-2829T_1_13_A_1,15,,18,0,0,0,0,,,,A-2959T_3_2_B_1,293,3-Jan,16,0,2,0,0,,
A-2852T_1_14_A_1,16,,18,0,0,0,0,,,,A-2960T_3_3_B_1,294,20-Dec,16,4,5,0,0,,
A-2855T_1_15_A_1,17,,18,0,0,0,0,,,,Osage_3_4_B_1,295,3-Jan,19,0,1,0,0,,
A-2871T_1_16_A_1,18,,18,0,0,0,0,,,,A-2759T_3_5_B_1,296,,18,0,0,0,0,,
A-2872T_1_17_A_1,19,,18,0,0,0,0,,,,A-2788T_3_6_B_1,297,,18,0,0,0,0,,
A-2890T_1_18_A_1,20,,18,0,0,0,0,,,,A-2454T_3_7_B_1,298,,18,0,0,0,0,,
A-2905T_1_19_A_1,21,,18,0,0,0,0,,,,A-2491T_3_8_B_1,299,,18,0,0,0,0,,
APF-653T_1_20_A_1,22,,18,0,0,0,0,,,,A-2642T_3_9_B_1,300,,18,0,0,0,0,,
A-2920T_1_23_A_1,25,,18,0,0,0,0,,,,A-2610T_3_10_B_1,301,,18,0,0,0,0,,
A-2925T_1_24_A_1,26,,18,0,0,0,0,,,,Natchez_3_11_B_1,302,,18,0,0,0,0,,
Osage_2_A_1,28,,18,0,0,0,0,,,,A-2854T_3_12_B_1,303,,18,0,0,0,0,,
Ouachita_2_A_1,29,,18,0,0,0,0,,,,A-2882T_3_13_B_1,304,,18,0,0,0,0,,
Immaculate_2_1_A_1,30,,18,0,0,0,0,,,,A-2883T_3_14_B_1,305,,18,0,0,0,0,,
A-2740T_2_2_A_1,31,,18,0,0,0,0,,,,A-2898T_3_15_B_1,306,,18,0,0,0,0,,
A-2966T_2_3_A_1,32,,18,0,0,0,0,,,,A-2902T_3_16_B_1,307,,18,0,0,0,0,,
Lochness_2_4_A_1,33,,18,0,0,0,0,,,,APF-652T_3_17_B_1,308,,18,0,0,0,0,,
A-2782T_2_5_A_1,34,,18,0,0,0,0,,,,APF-656T_3_18_B_1,309,,18,0,0,0,0,,
A-2820T_2_7_A_1,36,,18,0,0,0,0,,,,APF-665T_3_19_B_1,310,3-Jan,20,0,6,0,1,,1 floral bud
A-2660T_2_8_A_1,37,,18,0,0,0,0,,,,APF-694T_3_20_B_1,311,,18,0,0,0,0,,
A-2853T_2_10_A_1,39,,18,0,0,0,0,,,,APF-695T_3_21_B_1,312,,18,0,0,0,0,,
A-2860T_2_11_A_1,40,,18,0,0,0,0,,,,A-2789TN_3_22_B_1,313,,18,0,0,0,0,,
A-2560T_2_12_A_1,41,,18,0,0,0,0,,,,A-2790TN_3_23_B_1,314,,18,0,0,0,0,,
A-2911T_2_13_A_1,42,,18,0,0,0,0,,,,A-2932TN_3_24_B_1,315,,18,0,0,0,0,,
APF-669T_2_14_A_1,43,,18,0,0,0,0,,,,APF-703TN_3_25_B_1,316,,18,0,0,0,0,,
APF-705T_2_19_A_1,48,,18,0,0,0,0,,,,Osage_4_B_1,317,3-Jan,17,0,1,0,0,,
A-2935T_2_20_A_1,49,,18,0,0,0,0,,,,Ouachita_4_B_1,318,,18,0,0,0,0,,
A-2936T_2_21_A_1,50,,18,0,0,0,0,,,,A-2944T_4_1_B_1,319,3-Jan,17,0,1,0,0,,
Superlicious_2_22_A_1,51,,18,0,0,0,0,,,,A-2948T_4_2_B_1,320,,18,0,0,0,0,,
A-2792TN_2_23_A_1,52,,18,0,0,0,0,,,,A-2951T_4_3_B_1,321,,18,0,0,0,0,,
A-2934TN_2_24_A_1,53,,18,0,0,0,0,,,,A-2961T_4_4_B_1,322,3-Jan,18,0,1,0,0,,
APF-661TN_2_25_A_1,54,,18,0,0,0,0,,,,A-2784T_4_5_B_1,323,,18,0,0,0,0,,
Ouachita_3_A_1,56,,18,0,0,0,0,,,,A-2799T_4_6_B_1,324,,18,0,0,0,0,,
A-2954T_3_1_A_1,57,,18,0,0,0,0,,,,Ponca_4_7_B_1,325,,18,0,0,0,0,,
A-2959T_3_2_A_1,58,,18,0,0,0,0,,,,A-2596T_4_8_B_1,326,,18,0,0,0,0,,
A-2960T_3_3_A_1,59,,18,0,0,0,0,,,,A-2823T_4_9_B_1,327,,18,0,0,0,0,,
Osage_3_4_A_1,60,,18,0,0,0,0,,,,A-2587T_4_10_B_1,328,3-Jan,17,0,1,0,0,,
A-2759T_3_5_A_1,61,,18,0,0,0,0,,,,A-2713T_4_11_B_1,329,,18,0,0,0,0,,
A-2788T_3_6_A_1,62,,18,0,0,0,0,,,,A-2526T_4_12_B_1,330,,18,0,0,0,0,,
A-2454T_3_7_A_1,63,,18,0,0,0,0,,,,A-2850T_4_13_B_1,331,3-Jan,17,0,1,0,0,,
A-2491T_3_8_A_1,64,,18,0,0,0,0,,,,A-2876T_4_14_B_1,332,20-Dec,19,1,1,0,0,,
A-2642T_3_9_A_1,65,,18,0,0,0,0,,,,A-2907T_4_15_B_1,333,,18,0,0,0,0,,
A-2610T_3_10_A_1,66,,18,0,0,0,0,,,,APF-655T_4_16_B_1,334,,18,0,0,0,0,,
Natchez_3_11_A_1,67,,18,0,0,0,0,,,,APF-657T_4_17_B_1,335,3-Jan,20,0,9,0,0,,
A-2854T_3_12_A_1,68,,18,0,0,0,0,,,,APF-675T_4_18_B_1,336,20-Dec,15,5,14,0,0,,
A-2882T_3_13_A_1,69,,18,0,0,0,0,,,,APF-676T_4_19_B_1,337,,18,0,0,0,0,,
A-2883T_3_14_A_1,70,,18,0,0,0,0,,,,APF-688T_4_20_B_1,338,,18,0,0,0,0,,
A-2898T_3_15_A_1,71,,18,0,0,0,0,,,,APF-690T_4_21_B_1,339,,18,0,0,0,0,,
A-2902T_3_16_A_1,72,,18,0,0,0,0,,,,PrimeArkHorizon_4_22_B_1,340,20-Dec,18,4,4,0,0,,
APF-652T_3_17_A_1,73,,18,0,0,0,0,,,,PrimeArkFreedom_4_23_B_1,341,,18,0,0,0,0,,
APF-656T_3_18_A_1,74,,18,0,0,0,0,,,,A-2926T_4_24_B_1,342,,18,0,0,0,0,,
APF-694T_3_20_A_1,76,,18,0,0,0,0,,,,A-2929TN_4_25_B_1,343,,18,0,0,0,0,,
APF-695T_3_21_A_1,77,,18,0,0,0,0,,,,Osage_5_B_1,344,,18,0,0,0,0,,
A-2789TN_3_22_A_1,78,,18,0,0,0,0,,,,Ouachita_5_B_1,345,,18,0,0,0,0,,
A-2790TN_3_23_A_1,79,,18,0,0,0,0,,,,A-2950T_5_1_B_1,346,,18,0,0,0,0,,
A-2932TN_3_24_A_1,80,,18,0,0,0,0,,,,A-2967T_5_2_B_1,347,,18,0,0,0,0,,
Osage_4_A_1,82,,18,0,0,0,0,,,,A-2709T_5_3_B_1,348,,18,0,0,0,0,,
Ouachita_4_A_1,83,,18,0,0,0,0,,,,Caddo_5_4_B_1,349,,18,0,0,0,0,,
A-2944T_4_1_A_1,84,,18,0,0,0,0,,,,Navaho_5_5_B_1,350,,18,0,0,0,0,,
A-2948T_4_2_A_1,85,,18,0,0,0,0,,,,A-2837T_5_6_B_1,351,3-Jan,16,0,2,0,0,,
A-2951T_4_3_A_1,86,,18,0,0,0,0,,,,A-2863T_5_7_B_1,352,,18,0,0,0,0,,
A-2961T_4_4_A_1,87,,18,0,0,0,0,,,,A-2884T_5_8_B_1,353,,18,0,0,0,0,,
A-2784T_4_5_A_1,88,,18,0,0,0,0,,,,A-2885T_5_9_B_1,354,,18,0,0,0,0,,
A-2799T_4_6_A_1,89,,18,0,0,0,0,,,,A-2886T_5_10_B_1,355,,18,0,0,0,0,,
Ponca_4_7_A_1,90,,18,0,0,0,0,,,,A-2893T_5_11_B_1,356,,18,0,0,0,0,,
A-2596T_4_8_A_1,91,,18,0,0,0,0,,,,APF-651T_5_12_B_1,357,,18,0,0,0,0,,
A-2823T_4_9_A_1,92,,18,0,0,0,0,,,,APF-658T_5_13_B_1,358,,18,0,0,0,0,,
A-2587T_4_10_A_1,93,,18,0,0,0,0,,,,APF-659T_5_14_B_1,359,,18,0,0,0,0,,
A-2713T_4_11_A_1,94,,18,0,0,0,0,,,,APF-664T_5_15_B_1,360,,18,0,0,0,0,,
A-2526T_4_12_A_1,95,,18,0,0,0,0,,,,APF-667T_5_16_B_1,361,,,,,0,0,no cuttings,no cuttings
A-2850T_4_13_A_1,96,,18,0,0,0,0,,,,APF-668T_5_17_B_1,362,,,,,0,0,no cuttings,no cuttings
A-2907T_4_15_A_1,98,,18,0,0,0,0,,,,APF-677T_5_18_B_1,363,,,,,0,0,no cuttings,no cuttings
APF-655T_4_16_A_1,99,,18,0,0,0,0,,,,APF-687T_5_19_B_1,364,3-Jan,17,0,1,0,0,,
APF-676T_4_19_A_1,102,,18,0,0,0,0,,,,APF-697T_5_20_B_1,365,,18,0,0,0,0,,
APF-688T_4_20_A_1,103,,18,0,0,0,0,,,,APF-698T_5_21_B_1,366,,18,0,0,0,0,,
APF-690T_4_21_A_1,104,,18,0,0,0,0,,,,APF-702T_5_22_B_1,367,,18,0,0,0,0,,
PrimeArkFreedom_4_23_A_1,106,,18,0,0,0,0,,,,A-2922T_5_23_B_1,368,,18,0,0,0,0,,
A-2926T_4_24_A_1,107,,18,0,0,0,0,,,,A-2931TN_5_24_B_1,369,,18,0,0,0,0,,
A-2929TN_4_25_A_1,108,,18,0,0,0,0,,,,APF-662TN_5_25_B_1,370,3-Jan,19,0,3,0,0,,
A-2967T_5_2_A_1,112,,18,0,0,0,0,,,,Osage_6_B_1,371,3-Jan,21,0,3,0,0,,
Navaho_5_5_A_1,115,,18,0,0,0,0,,,,Ouachita_6_B_1,372,,18,0,0,0,0,,
A-2863T_5_7_A_1,117,,18,0,0,0,0,,,,A-2946T_6_1_B_1,373,3-Jan,18,0,2,0,0,,
A-2884T_5_8_A_1,118,,18,0,0,0,0,,,,A-2733T_6_2_B_1,374,,18,0,0,0,0,,
A-2885T_5_9_A_1,119,,18,0,0,0,0,,,,Tupy_6_3_B_1,375,,18,0,0,0,0,,
A-2886T_5_10_A_1,120,,18,0,0,0,0,,,,A-2652T_6_4_B_1,376,,18,0,0,0,0,,
A-2893T_5_11_A_1,121,,18,0,0,0,0,,,,A-2821T_6_5_B_1,377,,18,0,0,0,0,,
APF-659T_5_14_A_1,124,,18,0,0,0,0,,,,A-2687T_6_6_B_1,378,,18,0,0,0,0,,
APF-664T_5_15_A_1,125,,18,0,0,0,0,,,,A-2832T_6_7_B_1,379,,18,0,0,0,0,,
APF-697T_5_20_A_1,130,,18,0,0,0,0,,,,A-2834T_6_8_B_1,380,,18,0,0,0,0,,
A-2922T_5_23_A_1,133,,18,0,0,0,0,,,,A-2849T_6_9_B_1,381,,18,0,0,0,0,,
A-2931TN_5_24_A_1,134,,18,0,0,0,0,,,,A-2851T_6_10_B_1,382,,18,0,0,0,0,,
Osage_6_A_1,136,,18,0,0,0,0,,,,A-2856T_6_11_B_1,383,,18,0,0,0,0,,
Ouachita_6_A_1,137,,18,0,0,0,0,,,,A-2857T_6_12_B_1,384,,18,0,0,0,0,,
A-2733T_6_2_A_1,139,,18,0,0,0,0,,,,A-2861T_6_13_B_1,385,,18,0,0,0,0,,
Tupy_6_3_A_1,140,,18,0,0,0,0,,,,A-2862T_6_14_B_1,386,,18,0,0,0,0,,
A-2821T_6_5_A_1,142,,18,0,0,0,0,,,,A-2870T_6_15_B_1,387,,18,0,0,0,0,,
A-2687T_6_6_A_1,143,,18,0,0,0,0,,,,A-2878T_6_16_B_1,388,3-Jan,14,0,2,0,0,,
A-2832T_6_7_A_1,144,,18,0,0,0,0,,,,A-2879T_6_17_B_1,389,,18,0,0,0,0,,
A-2834T_6_8_A_1,145,,18,0,0,0,0,,,,A-2899T_6_18_B_1,390,3-Jan,19,0,3,0,0,,
A-2849T_6_9_A_1,146,,18,0,0,0,0,,,,A-2904T_6_19_B_1,391,,18,0,0,0,0,,
A-2856T_6_11_A_1,148,,18,0,0,0,0,,,,A-2906T_6_20_B_1,392,,18,0,0,0,0,,
A-2857T_6_12_A_1,149,,18,0,0,0,0,,,,A-2909T_6_21_B_1,393,20-Dec,18,3,3,0,0,,
A-2861T_6_13_A_1,150,,18,0,0,0,0,,,,APF-649T_6_22_B_1,394,,18,0,0,0,0,,
A-2862T_6_14_A_1,151,,18,0,0,0,0,,,,APF-680T_6_23_B_1,395,3-Jan,17,0,1,0,0,,
A-2870T_6_15_A_1,152,,18,0,0,0,0,,,,APF-685T_6_24_B_1,396,,,,,0,0,no cuttings,no cuttings
A-2878T_6_16_A_1,153,,18,0,0,0,0,,,,A-2956TN_6_25_B_1,397,20-Dec,18,1,4,0,0,,
A-2879T_6_17_A_1,154,,18,0,0,0,0,,,,Osage_7_B_1,398,3-Jan,18,0,4,0,0,,
A-2899T_6_18_A_1,155,,18,0,0,0,0,,,,Ouachita_7_B_1,399,3-Jan,18,0,1,0,0,,
A-2904T_6_19_A_1,156,,18,0,0,0,0,,,,A-2945T_7_1_B_1,400,,18,0,0,0,0,,
A-2906T_6_20_A_1,157,,18,0,0,0,0,,,,A-2947T_7_2_B_1,401,,18,0,0,0,0,,
APF-649T_6_22_A_1,159,,18,0,0,0,0,,,,A-2963T_7_3_B_1,402,,18,0,0,0,0,,
APF-680T_6_23_A_1,160,,18,0,0,0,0,,,,A-2969T_7_4_B_1,403,,18,0,0,0,0,,
Ouachita_7_A_1,164,,18,0,0,0,0,,,,Ouachita_7_5_B_1,404,,18,0,0,0,0,,
A-2947T_7_2_A_1,166,,18,0,0,0,0,,,,A-2484T_7_6_B_1,405,3-Jan,18,0,1,0,0,,
A-2963T_7_3_A_1,167,,18,0,0,0,0,,,,A-2520T_7_7_B_1,406,,18,0,0,0,0,,
A-2969T_7_4_A_1,168,,18,0,0,0,0,,,,A-2810T_7_8_B_1,407,3-Jan,18,0,1,0,0,,
Ouachita_7_5_A_1,169,,18,0,0,0,0,,,,A-2880T_7_9_B_1,408,3-Jan,18,0,1,0,0,,
A-2520T_7_7_A_1,171,,18,0,0,0,0,,,,A-2892T_7_10_B_1,409,,18,0,0,0,0,,
A-2810T_7_8_A_1,172,,18,0,0,0,0,,,,A-2908T_7_11_B_1,410,,18,0,0,0,0,,
A-2908T_7_11_A_1,175,,18,0,0,0,0,,,,A-2912T_7_12_B_1,411,,18,0,0,0,0,,
A-2912T_7_12_A_1,176,,18,0,0,0,0,,,,APF-647T_7_13_B_1,412,,18,0,0,0,0,,
APF-660T_7_14_A_1,178,,18,0,0,0,0,,,,APF-660T_7_14_B_1,413,,18,0,0,0,0,,
A-2916T_7_21_A_1,185,,18,0,0,0,0,,,,APF-679T_7_15_B_1,414,3-Jan,20,0,1,0,0,,
A-2921T_7_22_A_1,186,,18,0,0,0,0,,,,APF-691T_7_16_B_1,415,,18,0,0,0,0,,
A-2752T_7_23_A_1,187,,18,0,0,0,0,,,,APF-696T_7_17_B_1,416,,18,0,0,0,0,,
A-2930TN_7_24_A_1,188,,18,0,0,0,0,,,,APF-703T_7_18_B_1,417,,,,,0,0,no cuttings,no cuttings
A-2952T_8_1_A_1,192,,18,0,0,0,0,,,,APF-707T_7_19_B_1,418,3-Jan,17,0,1,0,0,,
A-2955T_8_2_A_1,193,,18,0,0,0,0,,,,APF-708T_7_20_B_1,419,,18,0,0,0,0,,
A-2962T_8_3_A_1,194,,18,0,0,0,0,,,,A-2916T_7_21_B_1,420,,18,0,0,0,0,,
A-2825T_8_5_A_1,196,,18,0,0,0,0,only 2 cuttings,only 2 cuttings,,A-2921T_7_22_B_1,421,,18,0,0,0,0,,
Stella_8_8_A_1,199,,18,0,0,0,0,,,,A-2752T_7_23_B_1,422,,18,0,0,0,0,,
A-2710T_8_10_A_1,201,,18,0,0,0,0,,,,A-2930TN_7_24_B_1,423,,18,0,0,0,0,,
A-2617T_8_12_A_1,203,,18,0,0,0,0,,,,A-2942TN_7_25_B_1,424,3-Jan,15,0,3,0,0,,
A-2828T_8_13_A_1,204,,18,0,0,0,0,,,,Osage_8_B_1,425,20-Dec,18,1,4,0,0,,
A-2891T_8_16_A_1,207,,18,0,0,0,0,,,,Ouachita_8_B_1,426,,18,0,0,0,0,,
APF-678T_8_19_A_1,210,,18,0,0,0,0,,,,A-2952T_8_1_B_1,427,,18,0,0,0,0,,
APF-485T_8_21_A_1,212,,18,0,0,0,0,,,,A-2955T_8_2_B_1,428,,18,0,0,0,0,,
A-2826T_9_1_A_1,219,,18,0,0,0,0,,,,A-2962T_8_3_B_1,429,,18,0,0,0,0,,
A-2685T_9_2_A_1,220,,18,0,0,0,0,,,,A-2964T_8_4_B_1,430,3-Jan,18,0,4,0,0,,
Apache_9_3_A_1,221,,18,0,0,0,0,,,,A-2825T_8_5_B_1,431,,18,0,0,0,0,,
A-2778T_9_4_A_1,222,,18,0,0,0,0,,,,A-2701T_8_6_B_1,432,,18,0,0,0,0,,
Von_9_5_A_1,223,,18,0,0,0,0,,,,A-1960T_8_7_B_1,433,,18,0,0,0,0,,
A-2453T_9_6_A_1,224,,18,0,0,0,0,,,,Stella_8_8_B_1,434,,18,0,0,0,0,,
A-2807T_9_7_A_1,225,,18,0,0,0,0,,,,A-2684T_8_9_B_1,435,,18,0,0,0,0,,
A-2897T_9_8_A_1,226,,18,0,0,0,0,,,,A-2710T_8_10_B_1,436,,18,0,0,0,0,,
APF-648T_9_9_A_1,227,,18,0,0,0,0,,,,A-2615T_8_11_B_1,437,,18,0,0,0,0,,
Osage_1_B_1,236,,18,0,0,0,0,,,,A-2617T_8_12_B_1,438,,18,0,0,0,0,,
Ouachita_1_B_1,237,,18,0,0,0,0,,,,A-2828T_8_13_B_1,439,,18,0,0,0,0,,
A-2717T_1_1_B_1,238,,18,0,0,0,0,,,,A-2874T_8_14_B_1,440,,18,0,0,0,0,,
A-2724T_1_2_B_1,239,,18,0,0,0,0,,,,A-2877T_8_15_B_1,441,20-Dec,15,9,10,0,0,,
A-2958T_1_4_B_1,241,,18,0,0,0,0,,,,A-2891T_8_16_B_1,442,20-Dec,16,1,1,0,0,,
A-2968T_1_6_B_1,243,,18,0,0,0,0,,,,A-2900T_8_17_B_1,443,,18,0,0,0,0,,
A-2768T_1_7_B_1,244,,18,0,0,0,0,,,,APF-654T_8_18_B_1,444,,18,0,0,0,0,,
A-2787T_1_8_B_1,245,,18,0,0,0,0,,,,APF-678T_8_19_B_1,445,,18,0,0,0,0,,
A-2524T_1_9_B_1,246,,18,0,0,0,0,,,,APF-692T_8_20_B_1,446,,18,0,0,0,0,,
A-2606T_1_11_B_1,248,,18,0,0,0,0,,,,APF-485T_8_21_B_1,447,20-Dec,15,5,5,0,0,,
A-2829T_1_13_B_1,250,,18,0,0,0,0,,,,A-2791TNPF_8_22_B_1,448,3-Jan,19,0,2,0,0,,
A-2852T_1_14_B_1,251,,18,0,0,0,0,,,,A-2868TN_8_23_B_1,449,,18,0,0,0,0,,
A-2855T_1_15_B_1,252,,18,0,0,0,0,,,,A-2940TN_8_24_B_1,450,,18,0,0,0,0,,
A-2890T_1_18_B_1,255,,18,0,0,0,0,,,,APF-645TN_8_25_B_1,451,,18,0,0,0,0,,
A-2905T_1_19_B_1,256,,18,0,0,0,0,,,,Osage_9_B_1,452,,18,0,0,0,0,,
A-2920T_1_23_B_1,260,,18,0,0,0,0,,,,Ouachita_9_B_1,453,,18,0,0,0,0,,
A-2925T_1_24_B_1,261,,18,0,0,0,0,,,,A-2826T_9_1_B_1,454,20-Dec,18,1,4,0,0,,
Ouachita_2_B_1,264,,18,0,0,0,0,,,,A-2685T_9_2_B_1,455,,18,0,0,0,0,,
Immaculate_2_1_B_1,265,,18,0,0,0,0,,,,Apache_9_3_B_1,456,,18,0,0,0,0,,
A-2740T_2_2_B_1,266,,18,0,0,0,0,,,,A-2778T_9_4_B_1,457,,18,0,0,0,0,,
A-2966T_2_3_B_1,267,,18,0,0,0,0,,,,Von_9_5_B_1,458,,18,0,0,0,0,,
Lochness_2_4_B_1,268,,18,0,0,0,0,,,,A-2453T_9_6_B_1,459,,18,0,0,0,0,,
A-2782T_2_5_B_1,269,,18,0,0,0,0,,,,A-2807T_9_7_B_1,460,,18,0,0,0,0,,
A-2820T_2_7_B_1,271,,18,0,0,0,0,,,,A-2897T_9_8_B_1,461,,18,0,0,0,0,,
A-2660T_2_8_B_1,272,,18,0,0,0,0,,,,APF-648T_9_9_B_1,462,,18,0,0,0,0,,
A-2853T_2_10_B_1,274,,18,0,0,0,0,,,,APF-674T_9_10_B_1,463,3-Jan,17,0,7,0,0,,
A-2860T_2_11_B_1,275,,18,0,0,0,0,,,,APF-681T_9_11_B_1,464,,18,0,0,0,0,,
A-2560T_2_12_B_1,276,,18,0,0,0,0,,,,APF-682T_9_12_B_1,465,3-Jan,19,0,2,0,0,,
A-2911T_2_13_B_1,277,,18,0,0,0,0,,,,APF-686T_9_13_B_1,466,20-Dec,17,3,9,0,0,,
APF-669T_2_14_B_1,278,,18,0,0,0,0,,,,APF-704T_9_14_B_1,467,,18,0,0,0,0,,
APF-699T_2_17_B_1,281,,18,0,0,0,0,,,,A-2917T_9_15_B_1,468,20-Dec,18,1,2,0,0,,
A-2935T_2_20_B_1,284,,18,0,0,0,0,,,,A-2933TN_9_16_B_1,469,,18,0,0,0,0,,
A-2936T_2_21_B_1,285,,18,0,0,0,0,,,,A-2957TN_9_17_B_1,470,3-Jan,18,0,1,0,0,,
Superlicious_2_22_B_1,286,,18,0,0,0,0,,,,Osage_1_C_1,471,,18,0,0,0,0,,
A-2792TN_2_23_B_1,287,,18,0,0,0,0,,,,Ouachita_1_C_1,472,,18,0,0,0,0,,
A-2934TN_2_24_B_1,288,,18,0,0,0,0,,,,A-2717T_1_1_C_1,473,,18,0,0,0,0,,
APF-661TN_2_25_B_1,289,,18,0,0,0,0,,,,A-2724T_1_2_C_1,474,,18,0,0,0,0,,
A-2959T_3_2_B_1,293,,18,0,0,0,0,,,,A-2949T_1_3_C_1,475,3-Jan,17,0,2,0,0,,
A-2960T_3_3_B_1,294,,18,0,0,0,0,,,,A-2958T_1_4_C_1,476,,18,0,0,0,0,,
A-2759T_3_5_B_1,296,,18,0,0,0,0,,,,A-2965T_1_5_C_1,477,,18,0,0,0,0,,
A-2788T_3_6_B_1,297,,18,0,0,0,0,,,,A-2968T_1_6_C_1,478,,18,0,0,0,0,,
A-2454T_3_7_B_1,298,,18,0,0,0,0,,,,A-2768T_1_7_C_1,479,,18,0,0,0,0,,
A-2642T_3_9_B_1,300,,18,0,0,0,0,,,,A-2787T_1_8_C_1,480,,18,0,0,0,0,,
A-2610T_3_10_B_1,301,,18,0,0,0,0,,,,A-2524T_1_9_C_1,481,,18,0,0,0,0,,
Natchez_3_11_B_1,302,,18,0,0,0,0,,,,A-2614TPF_1_10_C_1,482,,18,0,0,0,0,,
A-2854T_3_12_B_1,303,,18,0,0,0,0,,,,A-2606T_1_11_C_1,483,,18,0,0,0,0,,
A-2882T_3_13_B_1,304,,18,0,0,0,0,,,,A-2658T_1_12_C_1,484,,18,0,0,0,0,,
A-2898T_3_15_B_1,306,,18,0,0,0,0,,,,A-2829T_1_13_C_1,485,,18,0,0,0,0,,
A-2902T_3_16_B_1,307,,18,0,0,0,0,,,,A-2852T_1_14_C_1,486,,18,0,0,0,0,,
APF-695T_3_21_B_1,312,,18,0,0,0,0,,,,A-2855T_1_15_C_1,487,,18,0,0,0,0,,
A-2789TN_3_22_B_1,313,,18,0,0,0,0,,,,A-2871T_1_16_C_1,488,,18,0,0,0,0,,
A-2932TN_3_24_B_1,315,,18,0,0,0,0,,,,A-2872T_1_17_C_1,489,,18,0,0,0,0,,
Osage_4_B_1,317,,18,0,0,0,0,,,,A-2890T_1_18_C_1,490,,18,0,0,0,0,,
Ouachita_4_B_1,318,,18,0,0,0,0,,,,A-2905T_1_19_C_1,491,,18,0,0,0,0,,
A-2944T_4_1_B_1,319,,18,0,0,0,0,,,,APF-653T_1_20_C_1,492,,18,0,0,0,0,,
A-2948T_4_2_B_1,320,,18,0,0,0,0,,,,APF-666T_1_21_C_1,493,20-Dec,17,3,4,0,0,,
A-2951T_4_3_B_1,321,,18,0,0,0,0,,,,APF-683T_1_22_C_1,494,3-Jan,19,0,9,0,0,,
A-2961T_4_4_B_1,322,,18,0,0,0,0,,,,A-2920T_1_23_C_1,495,,18,0,0,0,0,,
A-2784T_4_5_B_1,323,,18,0,0,0,0,,,,A-2925T_1_24_C_1,496,,18,0,0,0,0,,
A-2799T_4_6_B_1,324,,18,0,0,0,0,,,,APF-672TN_1_25_C_1,497,,,,,0,0,no cuttings,no cuttings
Ponca_4_7_B_1,325,,18,0,0,0,0,,,,Osage_2_C_1,498,,18,0,0,0,0,,
A-2596T_4_8_B_1,326,,18,0,0,0,0,,,,Ouachita_2_C_1,499,,18,0,0,0,0,,
A-2823T_4_9_B_1,327,,18,0,0,0,0,,,,Immaculate_2_1_C_1,500,,18,0,0,0,0,,
A-2587T_4_10_B_1,328,,18,0,0,0,0,,,,A-2740T_2_2_C_1,501,,18,0,0,0,0,,
A-2713T_4_11_B_1,329,,18,0,0,0,0,,,,A-2966T_2_3_C_1,502,,18,0,0,0,0,,
A-2526T_4_12_B_1,330,,18,0,0,0,0,,,,Lochness_2_4_C_1,503,20-Dec,17,3,4,0,0,,
A-2850T_4_13_B_1,331,,18,0,0,0,0,,,,A-2782T_2_5_C_1,504,,18,0,0,0,0,,
A-2876T_4_14_B_1,332,,18,0,0,0,0,,,,A-2473T_2_6_C_1,505,20-Dec,18,2,2,0,0,,
A-2907T_4_15_B_1,333,,18,0,0,0,0,,,,A-2820T_2_7_C_1,506,,18,0,0,0,0,,
APF-655T_4_16_B_1,334,,18,0,0,0,0,,,,A-2660T_2_8_C_1,507,,18,0,0,0,0,,
APF-676T_4_19_B_1,337,,18,0,0,0,0,,,,A-2708T_2_9_C_1,508,,18,0,0,0,0,,
APF-688T_4_20_B_1,338,,18,0,0,0,0,,,,A-2853T_2_10_C_1,509,,18,0,0,0,0,,
APF-690T_4_21_B_1,339,,18,0,0,0,0,,,,A-2860T_2_11_C_1,510,3-Jan,18,0,1,0,0,,
PrimeArkFreedom_4_23_B_1,341,,18,0,0,0,0,,,,A-2560T_2_12_C_1,511,,18,0,0,0,0,,
A-2926T_4_24_B_1,342,,18,0,0,0,0,,,,A-2911T_2_13_C_1,512,,18,0,0,0,0,,
A-2929TN_4_25_B_1,343,,18,0,0,0,0,,,,APF-669T_2_14_C_1,513,,18,0,0,0,0,,
Ouachita_5_B_1,345,,18,0,0,0,0,,,,APF-673T_2_15_C_1,514,,18,0,0,0,0,,
A-2950T_5_1_B_1,346,,18,0,0,0,0,,,,APF-689T_2_16_C_1,515,,18,0,0,0,0,,
A-2967T_5_2_B_1,347,,18,0,0,0,0,,,,APF-699T_2_17_C_1,516,,18,0,0,0,0,,
A-2709T_5_3_B_1,348,,18,0,0,0,0,,,,APF-701T_2_18_C_1,517,20-Dec,17,2,7,0,0,,
Caddo_5_4_B_1,349,,18,0,0,0,0,,,,APF-705T_2_19_C_1,518,,18,0,0,0,0,,
Navaho_5_5_B_1,350,,18,0,0,0,0,,,,A-2935T_2_20_C_1,519,,18,0,0,0,0,,
A-2863T_5_7_B_1,352,,18,0,0,0,0,,,,A-2936T_2_21_C_1,520,,18,0,0,0,0,,
A-2884T_5_8_B_1,353,,18,0,0,0,0,,,,Superlicious_2_22_C_1,521,20-Dec,17,1,2,0,0,,
A-2885T_5_9_B_1,354,,18,0,0,0,0,,,,A-2792TN_2_23_C_1,522,,18,0,0,0,0,,
A-2886T_5_10_B_1,355,,18,0,0,0,0,,,,A-2934TN_2_24_C_1,523,,18,,0,0,0,,
A-2893T_5_11_B_1,356,,18,0,0,0,0,,,,APF-661TN_2_25_C_1,524,3-Jan,17,0,2,0,0,,
APF-659T_5_14_B_1,359,,18,0,0,0,0,,,,Osage_3_C_1,525,,18,0,0,0,0,,
APF-697T_5_20_B_1,365,,18,0,0,0,0,,,,Ouachita_3_C_1,526,,18,0,0,0,0,,
APF-702T_5_22_B_1,367,,18,0,0,0,0,,,,A-2954T_3_1_C_1,527,,18,0,0,0,0,,
A-2931TN_5_24_B_1,369,,18,0,0,0,0,,,,A-2959T_3_2_C_1,528,,18,0,0,0,0,,
Ouachita_6_B_1,372,,18,0,0,0,0,,,,A-2960T_3_3_C_1,529,,18,0,0,0,0,,
Tupy_6_3_B_1,375,,18,0,0,0,0,,,,Osage_3_4_C_1,530,,18,0,0,0,0,,
A-2652T_6_4_B_1,376,,18,0,0,0,0,,,,A-2759T_3_5_C_1,531,,18,0,0,0,0,,
A-2821T_6_5_B_1,377,,18,0,0,0,0,,,,A-2788T_3_6_C_1,532,,18,0,0,0,0,,
A-2687T_6_6_B_1,378,,18,0,0,0,0,,,,A-2454T_3_7_C_1,533,,18,0,0,0,0,,
A-2832T_6_7_B_1,379,,18,0,0,0,0,,,,A-2491T_3_8_C_1,534,,18,0,0,0,0,,
A-2834T_6_8_B_1,380,,18,0,0,0,0,,,,A-2642T_3_9_C_1,535,,18,0,0,0,0,,
A-2849T_6_9_B_1,381,,18,0,0,0,0,,,,A-2610T_3_10_C_1,536,,18,0,0,0,0,,
A-2851T_6_10_B_1,382,,18,0,0,0,0,,,,Natchez_3_11_C_1,537,,18,0,0,0,0,,
A-2856T_6_11_B_1,383,,18,0,0,0,0,,,,A-2854T_3_12_C_1,538,,18,0,0,0,0,,
A-2857T_6_12_B_1,384,,18,0,0,0,0,,,,A-2882T_3_13_C_1,539,,18,0,0,0,0,,
A-2861T_6_13_B_1,385,,18,0,0,0,0,,,,A-2883T_3_14_C_1,540,,18,0,0,0,0,,
A-2862T_6_14_B_1,386,,18,0,0,0,0,,,,A-2898T_3_15_C_1,541,,18,0,0,0,0,,
A-2870T_6_15_B_1,387,,18,0,0,0,0,,,,A-2902T_3_16_C_1,542,,18,0,0,0,0,,
A-2879T_6_17_B_1,389,,18,0,0,0,0,,,,APF-652T_3_17_C_1,543,3-Jan,17,0,3,0,0,,
A-2904T_6_19_B_1,391,,18,0,0,0,0,,,,APF-656T_3_18_C_1,544,,18,0,0,0,0,,
A-2906T_6_20_B_1,392,,18,0,0,0,0,,,,APF-665T_3_19_C_1,545,20-Dec,17,3,9,0,0,,
A-2909T_6_21_B_1,393,,18,0,0,0,0,,,,APF-694T_3_20_C_1,546,3-Jan,17,0,4,0,0,,
APF-649T_6_22_B_1,394,,18,0,0,0,0,,,,APF-695T_3_21_C_1,547,20-Dec,19,1,1,0,0,,
A-2956TN_6_25_B_1,397,,18,0,0,0,0,,,,A-2789TN_3_22_C_1,548,,18,0,0,0,0,,
A-2947T_7_2_B_1,401,,18,0,0,0,0,,,,A-2790TN_3_23_C_1,549,,18,0,0,0,0,,
A-2963T_7_3_B_1,402,,18,0,0,0,0,,,,A-2932TN_3_24_C_1,550,,18,0,0,0,0,,
A-2969T_7_4_B_1,403,,18,0,0,0,0,,,,APF-703TN_3_25_C_1,551,,18,0,0,0,0,,
Ouachita_7_5_B_1,404,,18,0,0,0,0,,,,Osage_4_C_1,552,,18,0,0,0,0,,
A-2484T_7_6_B_1,405,,18,0,0,0,0,,,,Ouachita_4_C_1,553,,18,0,0,0,0,,
A-2520T_7_7_B_1,406,,18,0,0,0,0,,,,A-2944T_4_1_C_1,554,,18,0,0,0,0,,
A-2892T_7_10_B_1,409,,18,0,0,0,0,,,,A-2948T_4_2_C_1,555,,18,0,0,0,0,,
A-2908T_7_11_B_1,410,,18,0,0,0,0,,,,A-2951T_4_3_C_1,556,,18,0,0,0,0,,
A-2912T_7_12_B_1,411,,18,0,0,0,0,,,,A-2961T_4_4_C_1,557,,18,0,0,0,0,,
APF-660T_7_14_B_1,413,,18,0,0,0,0,,,,A-2784T_4_5_C_1,558,,18,0,0,0,0,,
A-2916T_7_21_B_1,420,,18,0,0,0,0,,,,A-2799T_4_6_C_1,559,,18,0,0,0,0,,
A-2921T_7_22_B_1,421,,18,0,0,0,0,,,,Ponca_4_7_C_1,560,,18,0,0,0,0,,
A-2752T_7_23_B_1,422,,18,0,0,0,0,,,,A-2596T_4_8_C_1,561,,18,0,0,0,0,,
Ouachita_8_B_1,426,,18,0,0,0,0,,,,A-2823T_4_9_C_1,562,,18,0,0,0,0,,
A-2952T_8_1_B_1,427,,18,0,0,0,0,,,,A-2587T_4_10_C_1,563,,18,0,0,0,0,,
A-2955T_8_2_B_1,428,,18,0,0,0,0,,,,A-2713T_4_11_C_1,564,,18,0,0,0,0,,
A-2962T_8_3_B_1,429,,18,0,0,0,0,,,,A-2526T_4_12_C_1,565,,18,0,0,0,0,,
Stella_8_8_B_1,434,,18,0,0,0,0,,,,A-2850T_4_13_C_1,566,,18,0,0,0,0,,
A-2684T_8_9_B_1,435,,18,0,0,0,0,,,,A-2876T_4_14_C_1,567,,18,0,0,0,0,,
A-2710T_8_10_B_1,436,,18,0,0,0,0,,,,A-2907T_4_15_C_1,568,,18,0,0,0,0,,
A-2617T_8_12_B_1,438,,18,0,0,0,0,,,,APF-655T_4_16_C_1,569,,18,0,0,0,0,,
A-2828T_8_13_B_1,439,,18,0,0,0,0,,,,APF-657T_4_17_C_1,570,20-Dec,17,2,10,0,0,,
A-2891T_8_16_B_1,442,,18,0,0,0,0,,,,APF-675T_4_18_C_1,571,20-Dec,18,3,4,0,0,,
APF-678T_8_19_B_1,445,,18,0,0,0,0,,,,APF-676T_4_19_C_1,572,,18,0,0,0,0,,
A-2868TN_8_23_B_1,449,,18,0,0,0,0,,,,APF-688T_4_20_C_1,573,20-Dec,16,1,3,0,0,,
Ouachita_9_B_1,453,,18,0,0,0,0,,,,APF-690T_4_21_C_1,574,,18,0,0,0,0,,
A-2826T_9_1_B_1,454,,18,0,0,0,0,,,,PrimeArkHorizon_4_22_C_1,575,20-Dec,18,6,6,0,0,,
A-2685T_9_2_B_1,455,,18,0,0,0,0,,,,PrimeArkFreedom_4_23_C_1,576,,18,0,0,0,0,,
Apache_9_3_B_1,456,,18,0,0,0,0,,,,A-2926T_4_24_C_1,577,,18,0,0,0,0,,
A-2778T_9_4_B_1,457,,18,0,0,0,0,,,,A-2929TN_4_25_C_1,578,,18,0,0,0,0,,
Von_9_5_B_1,458,,18,0,0,0,0,,,,Osage_5_C_1,579,3-Jan,18,0,1,0,0,,
A-2453T_9_6_B_1,459,,18,0,0,0,0,,,,Ouachita_5_C_1,580,,18,0,0,0,0,,
A-2807T_9_7_B_1,460,,18,0,0,0,0,,,,A-2950T_5_1_C_1,581,,18,,0,0,0,,
A-2897T_9_8_B_1,461,,18,0,0,0,0,,,,A-2967T_5_2_C_1,582,,18,0,0,0,0,,
A-2917T_9_15_B_1,468,,18,0,0,0,0,,,,A-2709T_5_3_C_1,583,,18,0,0,0,0,,
A-2717T_1_1_C_1,473,,18,0,0,0,0,,,,Caddo_5_4_C_1,584,,18,0,0,0,0,,
A-2724T_1_2_C_1,474,,18,0,0,0,0,,,,Navaho_5_5_C_1,585,,18,0,0,0,0,,
A-2958T_1_4_C_1,476,,18,0,0,0,0,,,,A-2837T_5_6_C_1,586,,18,0,0,0,0,,
A-2968T_1_6_C_1,478,,18,0,0,0,0,,,,A-2863T_5_7_C_1,587,,18,0,0,0,0,,
A-2768T_1_7_C_1,479,,18,0,0,0,0,,,,A-2884T_5_8_C_1,588,,18,0,0,0,0,,
A-2787T_1_8_C_1,480,,18,0,0,0,0,,,,A-2885T_5_9_C_1,589,,18,0,0,0,0,,
A-2524T_1_9_C_1,481,,18,0,0,0,0,,,,A-2886T_5_10_C_1,590,,18,,0,0,0,,
A-2614TPF_1_10_C_1,482,,18,0,0,0,0,,,,A-2893T_5_11_C_1,591,,18,0,0,0,0,,
A-2606T_1_11_C_1,483,,18,0,0,0,0,,,,APF-651T_5_12_C_1,592,,18,0,0,0,0,,
A-2658T_1_12_C_1,484,,18,0,0,0,0,,,,APF-658T_5_13_C_1,593,20-Dec,15,1,3,0,0,,
A-2829T_1_13_C_1,485,,18,0,0,0,0,,,,APF-659T_5_14_C_1,594,,18,0,0,0,0,,
A-2852T_1_14_C_1,486,,18,0,0,0,0,,,,APF-664T_5_15_C_1,595,,18,0,0,0,0,,
A-2855T_1_15_C_1,487,,18,0,0,0,0,,,,APF-667T_5_16_C_1,596,,,,,0,0,no cuttings,no cuttings
A-2872T_1_17_C_1,489,,18,0,0,0,0,,,,APF-668T_5_17_C_1,597,,,,,0,0,no cuttings,no cuttings
A-2890T_1_18_C_1,490,,18,0,0,0,0,,,,APF-677T_5_18_C_1,598,,,,,0,0,no cuttings,no cuttings
A-2905T_1_19_C_1,491,,18,0,0,0,0,,,,APF-687T_5_19_C_1,599,,,,,0,0,no cuttings,no cuttings
APF-653T_1_20_C_1,492,,18,0,0,0,0,,,,APF-697T_5_20_C_1,600,3-Jan,18,0,3,0,0,,
A-2920T_1_23_C_1,495,,18,0,0,0,0,,,,APF-698T_5_21_C_1,601,20-Dec,18,13,13,0,0,,
A-2925T_1_24_C_1,496,,18,0,0,0,0,,,,APF-702T_5_22_C_1,602,20-Dec,17,5,8,0,0,,
Osage_2_C_1,498,,18,0,0,0,0,,,,A-2922T_5_23_C_1,603,,18,0,0,0,0,,
Immaculate_2_1_C_1,500,,18,0,0,0,0,,,,A-2931TN_5_24_C_1,604,,18,0,0,0,0,,
A-2740T_2_2_C_1,501,,18,0,0,0,0,,,,APF-662TN_5_25_C_1,605,,18,0,0,0,0,,
A-2966T_2_3_C_1,502,,18,0,0,0,0,,,,Osage_6_C_1,606,,18,0,0,0,0,,
Lochness_2_4_C_1,503,,18,0,0,0,0,,,,Ouachita_6_C_1,607,,18,0,0,0,0,,
A-2782T_2_5_C_1,504,,18,0,0,0,0,,,,A-2946T_6_1_C_1,608,,18,0,0,0,0,,
A-2473T_2_6_C_1,505,,18,0,0,0,0,,,,A-2733T_6_2_C_1,609,,18,0,0,0,0,,
A-2660T_2_8_C_1,507,,18,0,0,0,0,,,,Tupy_6_3_C_1,610,,18,0,0,0,0,,
A-2708T_2_9_C_1,508,,18,0,0,0,0,,,,A-2652T_6_4_C_1,611,,18,0,0,0,0,,
A-2853T_2_10_C_1,509,,18,0,0,0,0,,,,A-2821T_6_5_C_1,612,,18,0,0,0,0,,
A-2860T_2_11_C_1,510,,18,0,0,0,0,,,,A-2687T_6_6_C_1,613,,18,0,0,0,0,,
A-2911T_2_13_C_1,512,,18,0,0,0,0,,,,A-2832T_6_7_C_1,614,,18,0,0,0,0,,
APF-669T_2_14_C_1,513,,18,0,0,0,0,,,,A-2834T_6_8_C_1,615,,18,0,0,0,0,,
APF-689T_2_16_C_1,515,,18,0,0,0,0,,,,A-2849T_6_9_C_1,616,,18,0,0,0,0,,
A-2935T_2_20_C_1,519,,18,0,0,0,0,,,,A-2851T_6_10_C_1,617,,18,0,0,0,0,,
A-2936T_2_21_C_1,520,,18,0,0,0,0,,,,A-2856T_6_11_C_1,618,20-Dec,16,1,1,0,0,,
Superlicious_2_22_C_1,521,,18,0,0,0,0,,,,A-2857T_6_12_C_1,619,20-Dec,17,3,3,0,0,,
A-2792TN_2_23_C_1,522,,18,0,0,0,0,,,,A-2861T_6_13_C_1,620,,18,0,0,0,0,,
A-2934TN_2_24_C_1,523,,18,0,0,0,0,,,,A-2862T_6_14_C_1,621,,18,0,0,0,0,,
APF-661TN_2_25_C_1,524,,18,0,0,0,0,,,,A-2870T_6_15_C_1,622,,18,0,0,0,0,,
Ouachita_3_C_1,526,,18,0,0,0,0,,,,A-2878T_6_16_C_1,623,,18,0,0,0,0,,
A-2954T_3_1_C_1,527,,18,0,0,0,0,,,,A-2879T_6_17_C_1,624,,18,0,0,0,0,,
A-2959T_3_2_C_1,528,,18,0,0,0,0,,,,A-2899T_6_18_C_1,625,3-Jan,17,0,1,0,0,,
A-2960T_3_3_C_1,529,,18,0,0,0,0,,,,A-2904T_6_19_C_1,626,,18,0,0,0,0,,
A-2759T_3_5_C_1,531,,18,0,0,0,0,,,,A-2906T_6_20_C_1,627,,18,0,0,0,0,,
A-2788T_3_6_C_1,532,,18,0,0,0,0,,,,A-2909T_6_21_C_1,628,20-Dec,18,2,2,0,0,,
A-2454T_3_7_C_1,533,,18,0,0,0,0,,,,APF-649T_6_22_C_1,629,3-Jan,17,0,2,0,0,,
A-2491T_3_8_C_1,534,,18,0,0,0,0,,,,APF-680T_6_23_C_1,630,20-Dec,17,1,4,0,0,,
A-2642T_3_9_C_1,535,,18,0,0,0,0,,,,APF-685T_6_24_C_1,631,,,,,0,0,no cuttings,no cuttings
A-2610T_3_10_C_1,536,,18,0,0,0,0,,,,A-2956TN_6_25_C_1,632,20-Dec,16,1,6,0,0,,
Natchez_3_11_C_1,537,,18,0,0,0,0,,,,Osage_7_C_1,633,3-Jan,15,0,1,0,0,,
A-2854T_3_12_C_1,538,,18,0,0,0,0,,,,Ouachita_7_C_1,634,,18,0,0,0,0,,
A-2882T_3_13_C_1,539,,18,0,0,0,0,,,,A-2945T_7_1_C_1,635,20-Dec,18,1,5,0,0,,
A-2883T_3_14_C_1,540,,18,0,0,0,0,,,,A-2947T_7_2_C_1,636,,18,0,0,0,0,,
A-2898T_3_15_C_1,541,,18,0,0,0,0,,,,A-2963T_7_3_C_1,637,,18,0,0,0,0,,
A-2902T_3_16_C_1,542,,18,0,0,0,0,,,,A-2969T_7_4_C_1,638,,18,0,0,0,0,,
APF-656T_3_18_C_1,544,,18,0,0,0,0,,,,Ouachita_7_5_C_1,639,,18,0,0,0,0,,
APF-694T_3_20_C_1,546,,18,0,0,0,0,,,,A-2484T_7_6_C_1,640,,18,0,0,0,0,,
A-2789TN_3_22_C_1,548,,18,0,0,0,0,,,,A-2520T_7_7_C_1,641,,18,0,0,0,0,,
A-2790TN_3_23_C_1,549,,18,0,0,0,0,,,,A-2810T_7_8_C_1,642,,18,0,0,0,0,,
A-2932TN_3_24_C_1,550,,18,0,0,0,0,,,,A-2880T_7_9_C_1,643,,18,0,0,0,0,,
A-2944T_4_1_C_1,554,,18,0,0,0,0,,,,A-2892T_7_10_C_1,644,,18,0,0,0,0,,
A-2948T_4_2_C_1,555,,18,0,0,0,0,,,,A-2908T_7_11_C_1,645,,18,0,0,0,0,,
A-2951T_4_3_C_1,556,,18,0,0,0,0,,,,A-2912T_7_12_C_1,646,,18,0,0,0,0,,
A-2784T_4_5_C_1,558,,18,0,0,0,0,,,,APF-647T_7_13_C_1,647,,18,0,0,0,0,,
A-2799T_4_6_C_1,559,,18,0,0,0,0,,,,APF-660T_7_14_C_1,648,,18,0,0,0,0,,
Ponca_4_7_C_1,560,,18,0,0,0,0,,,,APF-679T_7_15_C_1,649,,18,0,0,0,0,,
A-2596T_4_8_C_1,561,,18,0,0,0,0,,,,APF-691T_7_16_C_1,650,,18,0,0,0,0,,
A-2823T_4_9_C_1,562,,18,0,0,0,0,,,,APF-696T_7_17_C_1,651,,18,0,0,0,0,,
A-2587T_4_10_C_1,563,,18,0,0,0,0,,,,APF-703T_7_18_C_1,652,,,,,0,0,no cuttings,no cuttings
A-2713T_4_11_C_1,564,,18,0,0,0,0,,,,APF-707T_7_19_C_1,653,,18,0,0,0,0,,
A-2526T_4_12_C_1,565,,18,0,0,0,0,,,,APF-708T_7_20_C_1,654,,18,0,0,0,0,,
A-2850T_4_13_C_1,566,,18,0,0,0,0,,,,A-2916T_7_21_C_1,655,,18,0,0,0,0,,
A-2876T_4_14_C_1,567,,18,0,0,0,0,,,,A-2921T_7_22_C_1,656,,18,0,0,0,0,,
A-2907T_4_15_C_1,568,,18,0,0,0,0,,,,A-2752T_7_23_C_1,657,,18,0,0,0,0,,
APF-655T_4_16_C_1,569,,18,0,0,0,0,,,,A-2930TN_7_24_C_1,658,,18,0,0,0,0,,
APF-657T_4_17_C_1,570,,18,0,0,0,0,,,,A-2942TN_7_25_C_1,659,3-Jan,18,0,3,0,0,,
APF-676T_4_19_C_1,572,,18,0,0,0,0,,,,Osage_8_C_1,660,,18,0,0,0,0,,
APF-688T_4_20_C_1,573,,18,0,0,0,0,,,,Ouachita_8_C_1,661,,18,0,0,0,0,,
APF-690T_4_21_C_1,574,,18,0,0,0,0,,,,A-2952T_8_1_C_1,662,,18,0,0,0,0,,
A-2926T_4_24_C_1,577,,18,0,0,0,0,,,,A-2955T_8_2_C_1,663,20-Dec,16,5,5,0,0,,
A-2929TN_4_25_C_1,578,,18,0,0,0,0,,,,A-2962T_8_3_C_1,664,,18,0,0,0,0,,
Ouachita_5_C_1,580,,18,0,0,0,0,,,,A-2964T_8_4_C_1,665,,18,0,0,0,0,,
A-2950T_5_1_C_1,581,,18,0,0,0,0,,,,A-2825T_8_5_C_1,666,,18,0,0,0,0,,
A-2967T_5_2_C_1,582,,18,0,0,0,0,,,,A-2701T_8_6_C_1,667,,18,0,0,0,0,,
Caddo_5_4_C_1,584,,18,0,0,0,0,,,,A-1960T_8_7_C_1,668,,18,0,0,0,0,,
Navaho_5_5_C_1,585,,18,0,0,0,0,,,,Stella_8_8_C_1,669,,18,0,0,0,0,,
A-2863T_5_7_C_1,587,,18,0,0,0,0,,,,A-2684T_8_9_C_1,670,,18,0,0,0,0,,
A-2884T_5_8_C_1,588,,18,0,0,0,0,,,,A-2710T_8_10_C_1,671,,18,0,0,0,0,,
A-2885T_5_9_C_1,589,,18,0,0,0,0,,,,A-2615T_8_11_C_1,672,20-Dec,18,8,8,0,1,,1 floral bud
A-2886T_5_10_C_1,590,,18,0,0,0,0,,,,A-2617T_8_12_C_1,673,,18,0,0,0,0,,
A-2893T_5_11_C_1,591,,18,0,0,0,0,,,,A-2828T_8_13_C_1,674,,18,0,0,0,0,,
APF-651T_5_12_C_1,592,,18,0,0,0,0,,,,A-2874T_8_14_C_1,675,3-Jan,15,0,2,0,1,,1 floral bud
APF-658T_5_13_C_1,593,,18,0,0,0,0,,,,A-2877T_8_15_C_1,676,20-Dec,15,12,12,0,0,,
APF-659T_5_14_C_1,594,,18,0,0,0,0,,,,A-2891T_8_16_C_1,677,,18,0,0,0,0,,
APF-664T_5_15_C_1,595,,18,0,0,0,0,,,,A-2900T_8_17_C_1,678,,18,0,0,0,0,,
APF-687T_5_19_C_1,599,,18,0,0,0,0,,,,APF-654T_8_18_C_1,679,,18,0,0,0,0,,
APF-697T_5_20_C_1,600,,18,0,0,0,0,,,,APF-678T_8_19_C_1,680,,18,0,0,0,0,,
APF-698T_5_21_C_1,601,,18,0,0,0,0,,,,APF-692T_8_20_C_1,681,,18,0,0,0,0,,
APF-702T_5_22_C_1,602,,18,0,0,0,0,,,,APF-485T_8_21_C_1,682,,18,0,0,0,0,,
A-2922T_5_23_C_1,603,,18,0,0,0,0,,,,A-2791TNPF_8_22_C_1,683,,18,0,0,0,0,,
A-2931TN_5_24_C_1,604,,18,0,0,0,0,,,,A-2868TN_8_23_C_1,684,,18,0,0,0,0,,
Ouachita_6_C_1,607,,18,0,0,0,0,,,,A-2940TN_8_24_C_1,685,20-Dec,15,4,4,0,0,,
A-2946T_6_1_C_1,608,,18,0,0,0,0,,,,APF-645TN_8_25_C_1,686,,18,0,0,0,0,,
A-2733T_6_2_C_1,609,,18,0,0,0,0,,,,Osage_9_C_1,687,3-Jan,16,0,3,0,0,,
Tupy_6_3_C_1,610,,18,0,0,0,0,,,,Ouachita_9_C_1,688,,18,0,0,0,0,,
A-2652T_6_4_C_1,611,,18,0,0,0,0,,,,A-2826T_9_1_C_1,689,20-Dec,17,1,1,0,0,,
A-2821T_6_5_C_1,612,,18,0,0,0,0,,,,A-2685T_9_2_C_1,690,,18,0,0,0,0,,
A-2687T_6_6_C_1,613,,18,0,0,0,0,,,,Apache_9_3_C_1,691,,18,0,0,0,0,,
A-2832T_6_7_C_1,614,,18,0,0,0,0,,,,A-2778T_9_4_C_1,692,,18,0,0,0,0,,
A-2834T_6_8_C_1,615,,18,0,0,0,0,,,,Von_9_5_C_1,693,,18,0,0,0,0,,
A-2849T_6_9_C_1,616,,18,0,0,0,0,,,,A-2453T_9_6_C_1,694,,18,0,0,0,0,,
A-2851T_6_10_C_1,617,,18,0,0,0,0,,,,A-2807T_9_7_C_1,695,,18,0,0,0,0,,
A-2856T_6_11_C_1,618,,18,0,0,0,0,,,,A-2897T_9_8_C_1,696,,18,0,0,0,0,,
A-2857T_6_12_C_1,619,,18,0,0,0,0,,,,APF-648T_9_9_C_1,697,20-Dec,19,1,2,1,2,1 flower bud,"1 flower bud; 2 floral buds at d28, one is open!"
A-2861T_6_13_C_1,620,,18,0,0,0,0,,,,APF-674T_9_10_C_1,698,20-Dec,19,1,2,0,0,,
A-2862T_6_14_C_1,621,,18,0,0,0,0,,,,APF-681T_9_11_C_1,699,,18,0,0,0,0,,
A-2870T_6_15_C_1,622,,18,0,0,0,0,,,,APF-682T_9_12_C_1,700,20-Dec,19,2,7,0,0,,
A-2878T_6_16_C_1,623,,18,0,0,0,0,,,,APF-686T_9_13_C_1,701,20-Dec,17,10,13,0,0,,
A-2879T_6_17_C_1,624,,18,0,0,0,0,,,,APF-704T_9_14_C_1,702,,18,0,0,0,0,,
A-2899T_6_18_C_1,625,,18,0,0,0,0,,,,A-2917T_9_15_C_1,703,3-Jan,18,0,1,0,0,,
A-2904T_6_19_C_1,626,,18,0,0,0,0,,,,A-2933TN_9_16_C_1,704,,18,0,0,0,0,,
A-2906T_6_20_C_1,627,,18,0,0,0,0,,,,A-2957TN_9_17_C_1,705,,18,0,0,0,0,,
APF-649T_6_22_C_1,629,,18,0,0,0,0,,,,Osage_1_D_1,706,,18,0,0,0,0,,
Ouachita_7_C_1,634,,18,0,0,0,0,,,,Ouachita_1_D_1,707,,18,0,0,0,0,,
A-2947T_7_2_C_1,636,,18,0,0,0,0,,,,A-2717T_1_1_D_1,708,,18,0,0,0,0,,
A-2969T_7_4_C_1,638,,18,0,0,0,0,,,,A-2724T_1_2_D_1,709,,18,0,0,0,0,,
Ouachita_7_5_C_1,639,,18,0,0,0,0,,,,A-2949T_1_3_D_1,710,3-Jan,18,0,4,0,0,,
A-2484T_7_6_C_1,640,,18,0,0,0,0,,,,A-2958T_1_4_D_1,711,,18,0,0,0,0,,
A-2520T_7_7_C_1,641,,18,0,0,0,0,,,,A-2965T_1_5_D_1,712,3-Jan,14,0,2,0,0,,
A-2810T_7_8_C_1,642,,18,0,0,0,0,,,,A-2968T_1_6_D_1,713,,18,0,0,0,0,,
A-2892T_7_10_C_1,644,,18,0,0,0,0,,,,A-2768T_1_7_D_1,714,,18,0,0,0,0,,
A-2908T_7_11_C_1,645,,18,0,0,0,0,,,,A-2787T_1_8_D_1,715,,18,0,0,0,0,,
A-2912T_7_12_C_1,646,,18,0,0,0,0,,,,A-2524T_1_9_D_1,716,,18,0,0,0,0,,
APF-660T_7_14_C_1,648,,18,0,0,0,0,,,,A-2614TPF_1_10_D_1,717,,18,0,0,0,0,,
APF-679T_7_15_C_1,649,,18,0,0,0,0,,,,A-2606T_1_11_D_1,718,,18,0,0,0,0,,
A-2916T_7_21_C_1,655,,18,0,0,0,0,,,,A-2658T_1_12_D_1,719,,18,0,0,0,0,,
A-2921T_7_22_C_1,656,,18,0,0,0,0,,,,A-2829T_1_13_D_1,720,,18,0,0,0,0,,
A-2752T_7_23_C_1,657,,18,0,0,0,0,,,,A-2852T_1_14_D_1,721,,18,0,0,0,0,,
A-2930TN_7_24_C_1,658,,18,0,0,0,0,,,,A-2855T_1_15_D_1,722,,18,0,0,0,0,,
Ouachita_8_C_1,661,,18,0,0,0,0,,,,A-2871T_1_16_D_1,723,,18,0,0,0,0,,
A-2952T_8_1_C_1,662,,18,0,0,0,0,,,,A-2872T_1_17_D_1,724,,18,0,0,0,0,,
A-2955T_8_2_C_1,663,,18,0,0,0,0,,,,A-2890T_1_18_D_1,725,,18,0,0,0,0,,
A-2962T_8_3_C_1,664,,18,0,0,0,0,,,,A-2905T_1_19_D_1,726,,18,0,0,0,0,,
A-2825T_8_5_C_1,666,,18,0,0,0,0,,,,APF-653T_1_20_D_1,727,,18,0,0,0,0,,
A-2701T_8_6_C_1,667,,18,0,0,0,0,,,,APF-666T_1_21_D_1,728,,18,0,0,0,0,,
Stella_8_8_C_1,669,,18,0,0,0,0,,,,APF-683T_1_22_D_1,729,20-Dec,17,7,10,0,0,,
A-2684T_8_9_C_1,670,,18,0,0,0,0,,,,A-2920T_1_23_D_1,730,,18,0,0,0,0,,
A-2617T_8_12_C_1,673,,18,0,0,0,0,,,,A-2925T_1_24_D_1,731,,18,0,0,0,0,,
A-2828T_8_13_C_1,674,,18,0,0,0,0,,,,APF-672TN_1_25_D_1,732,,,,,0,0,no cuttings,no cuttings
A-2874T_8_14_C_1,675,,18,0,0,0,0,,,,Osage_2_D_1,733,,18,0,0,0,0,,
A-2877T_8_15_C_1,676,,18,0,0,0,0,,,,Ouachita_2_D_1,734,,18,0,0,0,0,,
A-2891T_8_16_C_1,677,,18,0,0,0,0,,,,Immaculate_2_1_D_1,735,,18,0,0,0,0,,
A-2900T_8_17_C_1,678,,18,0,0,0,0,,,,A-2740T_2_2_D_1,736,,18,0,0,0,0,,
APF-654T_8_18_C_1,679,,18,0,0,0,0,,,,A-2966T_2_3_D_1,737,,18,0,0,0,0,,
APF-678T_8_19_C_1,680,,18,0,0,0,0,,,,Lochness_2_4_D_1,738,,18,0,0,0,0,,
APF-485T_8_21_C_1,682,,18,0,0,0,0,,,,A-2782T_2_5_D_1,739,,18,0,0,0,0,,
A-2868TN_8_23_C_1,684,,18,0,0,0,0,,,,A-2473T_2_6_D_1,740,20-Dec,17,1,1,0,0,,
Ouachita_9_C_1,688,,18,0,0,0,0,,,,A-2820T_2_7_D_1,741,,18,0,0,0,0,,
A-2826T_9_1_C_1,689,,18,0,0,0,0,,,,A-2660T_2_8_D_1,742,,18,0,0,0,0,,
A-2685T_9_2_C_1,690,,18,0,0,0,0,,,,A-2708T_2_9_D_1,743,,18,0,0,0,0,,
Apache_9_3_C_1,691,,18,0,0,0,0,,,,A-2853T_2_10_D_1,744,,18,0,0,0,0,,
A-2778T_9_4_C_1,692,,18,0,0,0,0,,,,A-2860T_2_11_D_1,745,,18,0,0,0,0,,
Von_9_5_C_1,693,,18,0,0,0,0,,,,A-2560T_2_12_D_1,746,,18,0,0,0,0,,
A-2453T_9_6_C_1,694,,18,0,0,0,0,,,,A-2911T_2_13_D_1,747,,18,0,0,0,0,,
A-2807T_9_7_C_1,695,,18,0,0,0,0,,,,APF-669T_2_14_D_1,748,,18,0,0,0,0,,
A-2897T_9_8_C_1,696,,18,0,0,0,0,,,,APF-673T_2_15_D_1,749,,18,0,0,0,0,,
A-2917T_9_15_C_1,703,,18,0,0,0,0,,,,APF-689T_2_16_D_1,750,,18,0,0,0,0,,
Ouachita_1_D_1,707,,18,0,0,0,0,,,,APF-699T_2_17_D_1,751,3-Jan,17,0,3,0,0,,
A-2717T_1_1_D_1,708,,18,0,0,0,0,,,,APF-701T_2_18_D_1,752,20-Dec,17,2,2,0,0,,
A-2724T_1_2_D_1,709,,18,0,0,0,0,,,,APF-705T_2_19_D_1,753,,18,0,0,0,0,,
A-2958T_1_4_D_1,711,,18,0,0,0,0,,,,A-2935T_2_20_D_1,754,,18,0,0,0,0,,
A-2965T_1_5_D_1,712,,18,0,0,0,0,,,,A-2936T_2_21_D_1,755,,18,0,0,0,0,,
A-2968T_1_6_D_1,713,,18,0,0,0,0,,,,Superlicious_2_22_D_1,756,,18,0,0,0,0,,
A-2768T_1_7_D_1,714,,18,0,0,0,0,,,,A-2792TN_2_23_D_1,757,,0,,0,0,0,no missing,no missing
A-2787T_1_8_D_1,715,,18,0,0,0,0,,,,A-2934TN_2_24_D_1,758,,18,0,0,0,0,,
A-2524T_1_9_D_1,716,,18,0,0,0,0,,,,APF-661TN_2_25_D_1,759,20-Dec,18,8,8,0,0,,
A-2606T_1_11_D_1,718,,18,0,0,0,0,,,,Osage_3_D_1,760,3-Jan,2,0,2,0,0,,
A-2658T_1_12_D_1,719,,18,0,0,0,0,,,,Ouachita_3_D_1,761,,18,0,0,0,0,,
A-2829T_1_13_D_1,720,,18,0,0,0,0,,,,A-2954T_3_1_D_1,762,,18,0,0,0,0,,
A-2852T_1_14_D_1,721,,18,0,0,0,0,,,,A-2959T_3_2_D_1,763,,18,0,0,0,0,,
A-2855T_1_15_D_1,722,,18,0,0,0,0,,,,A-2960T_3_3_D_1,764,,18,0,0,0,0,,
A-2871T_1_16_D_1,723,,18,0,0,0,0,,,,Osage_3_4_D_1,765,20-Dec,20,1,1,0,0,,
A-2872T_1_17_D_1,724,,18,0,0,0,0,,,,A-2759T_3_5_D_1,766,,18,0,0,0,0,,
A-2890T_1_18_D_1,725,,18,0,0,0,0,,,,A-2788T_3_6_D_1,767,,18,0,0,0,0,,
A-2905T_1_19_D_1,726,,18,0,0,0,0,,,,A-2454T_3_7_D_1,768,,18,0,0,0,0,,
APF-653T_1_20_D_1,727,,18,0,0,0,0,,,,A-2491T_3_8_D_1,769,,18,0,0,0,0,,
A-2920T_1_23_D_1,730,,18,0,0,0,0,,,,A-2642T_3_9_D_1,770,,18,0,0,0,0,,
A-2925T_1_24_D_1,731,,18,0,0,0,0,,,,A-2610T_3_10_D_1,771,,18,0,0,0,0,,
Ouachita_2_D_1,734,,18,0,0,0,0,,,,Natchez_3_11_D_1,772,,18,0,0,0,0,,
Immaculate_2_1_D_1,735,,18,0,0,0,0,,,,A-2854T_3_12_D_1,773,,18,0,0,0,0,,
A-2740T_2_2_D_1,736,,18,0,0,0,0,only 2 cuttings,only 2 cuttings,,A-2882T_3_13_D_1,774,,18,0,0,0,0,,
A-2966T_2_3_D_1,737,,18,0,0,0,0,,,,A-2883T_3_14_D_1,775,,18,0,0,0,0,,
Lochness_2_4_D_1,738,,18,0,0,0,0,,,,A-2898T_3_15_D_1,776,,18,0,0,0,0,,
A-2782T_2_5_D_1,739,,18,0,0,0,0,,,,A-2902T_3_16_D_1,777,,18,0,0,0,0,,
A-2820T_2_7_D_1,741,,18,0,0,0,0,,,,APF-652T_3_17_D_1,778,20-Dec,15,1,1,0,0,,
A-2660T_2_8_D_1,742,,18,0,0,0,0,,,,APF-656T_3_18_D_1,779,,18,0,0,0,0,,
A-2708T_2_9_D_1,743,,18,0,0,0,0,,,,APF-665T_3_19_D_1,780,20-Dec,17,9,10,1,3,1 floral bud,1 floral bud; 3 floral buds at d28
A-2853T_2_10_D_1,744,,18,0,0,0,0,,,,APF-694T_3_20_D_1,781,,18,0,0,0,0,,
A-2860T_2_11_D_1,745,,18,0,0,0,0,,,,APF-695T_3_21_D_1,782,,18,0,0,0,0,,
A-2911T_2_13_D_1,747,,18,0,0,0,0,,,,A-2789TN_3_22_D_1,783,,18,0,0,0,0,,
APF-669T_2_14_D_1,748,,18,0,0,0,0,,,,A-2790TN_3_23_D_1,784,,18,0,0,0,0,,
APF-689T_2_16_D_1,750,,18,0,0,0,0,,,,A-2932TN_3_24_D_1,785,,18,0,0,0,0,,
A-2935T_2_20_D_1,754,,18,0,0,0,0,,,,APF-703TN_3_25_D_1,786,,18,0,0,0,0,,
A-2936T_2_21_D_1,755,,18,0,0,0,0,,,,Osage_4_D_1,787,3-Jan,19,0,4,0,0,,
Superlicious_2_22_D_1,756,,18,0,0,0,0,,,,Ouachita_4_D_1,788,,18,0,0,0,0,,
A-2792TN_2_23_D_1,757,,18,0,0,0,0,,,,A-2944T_4_1_D_1,789,,18,0,0,0,0,,
A-2934TN_2_24_D_1,758,,18,0,0,0,0,,,,A-2948T_4_2_D_1,790,,18,0,0,0,0,,
A-2954T_3_1_D_1,762,,18,0,0,0,0,,,,A-2951T_4_3_D_1,791,,18,0,0,0,0,,
A-2959T_3_2_D_1,763,,18,0,0,0,0,,,,A-2961T_4_4_D_1,792,20-Dec,15,1,1,0,0,,
A-2759T_3_5_D_1,766,,18,0,0,0,0,,,,A-2784T_4_5_D_1,793,,18,0,0,0,0,,
A-2788T_3_6_D_1,767,,18,0,0,0,0,,,,A-2799T_4_6_D_1,794,,18,0,0,0,0,,
A-2454T_3_7_D_1,768,,18,0,0,0,0,,,,Ponca_4_7_D_1,795,,18,0,0,0,0,,
A-2491T_3_8_D_1,769,,18,0,0,0,0,,,,A-2596T_4_8_D_1,796,,18,0,0,0,0,,
A-2642T_3_9_D_1,770,,18,0,0,0,0,,,,A-2823T_4_9_D_1,797,20-Dec,16,1,1,0,0,,
A-2610T_3_10_D_1,771,,18,0,0,0,0,,,,A-2587T_4_10_D_1,798,,18,0,0,0,0,,
Natchez_3_11_D_1,772,,18,0,0,0,0,,,,A-2713T_4_11_D_1,799,,18,0,0,0,0,,
A-2854T_3_12_D_1,773,,18,0,0,0,0,,,,A-2526T_4_12_D_1,800,,18,0,0,0,0,,
A-2882T_3_13_D_1,774,,18,0,0,0,0,,,,A-2850T_4_13_D_1,801,,18,0,0,0,0,,
A-2898T_3_15_D_1,776,,18,0,0,0,0,,,,A-2876T_4_14_D_1,802,,18,0,0,0,0,,
A-2902T_3_16_D_1,777,,18,0,0,0,0,,,,A-2907T_4_15_D_1,803,,18,,0,0,0,,
APF-656T_3_18_D_1,779,,18,0,0,0,0,,,,APF-655T_4_16_D_1,804,,18,0,0,0,0,,
APF-695T_3_21_D_1,782,,18,0,0,0,0,,,,APF-657T_4_17_D_1,805,,18,0,0,0,0,,
A-2789TN_3_22_D_1,783,,18,0,0,0,0,,,,APF-675T_4_18_D_1,806,20-Dec,17,5,7,0,0,,
A-2790TN_3_23_D_1,784,,18,0,0,0,0,,,,APF-676T_4_19_D_1,807,,18,0,0,0,0,,
A-2932TN_3_24_D_1,785,,18,0,0,0,0,,,,APF-688T_4_20_D_1,808,,18,0,0,0,0,,
Ouachita_4_D_1,788,,18,0,0,0,0,,,,APF-690T_4_21_D_1,809,,18,0,0,0,0,,
A-2944T_4_1_D_1,789,,18,0,0,0,0,,,,PrimeArkHorizon_4_22_D_1,810,20-Dec,17,5,5,0,0,,
A-2948T_4_2_D_1,790,,18,0,0,0,0,,,,PrimeArkFreedom_4_23_D_1,811,,18,0,0,0,0,,
A-2951T_4_3_D_1,791,,18,0,0,0,0,,,,A-2926T_4_24_D_1,812,,18,0,0,0,0,,
A-2799T_4_6_D_1,794,,18,0,0,0,0,,,,A-2929TN_4_25_D_1,813,,18,0,0,0,0,,
Ponca_4_7_D_1,795,,18,0,0,0,0,,,,Osage_5_D_1,814,,18,0,0,0,0,,
A-2596T_4_8_D_1,796,,18,0,0,0,0,,,,Ouachita_5_D_1,815,,18,0,0,0,0,,
A-2823T_4_9_D_1,797,,18,0,0,0,0,,,,A-2950T_5_1_D_1,816,,18,0,0,0,0,,
A-2587T_4_10_D_1,798,,18,0,0,0,0,,,,A-2967T_5_2_D_1,817,,18,0,0,0,0,,
A-2713T_4_11_D_1,799,,18,0,0,0,0,,,,A-2709T_5_3_D_1,818,,18,0,0,0,0,,
A-2850T_4_13_D_1,801,,18,0,0,0,0,,,,Caddo_5_4_D_1,819,,18,0,0,0,0,,
A-2907T_4_15_D_1,803,,18,0,0,0,0,,,,Navaho_5_5_D_1,820,,18,0,0,0,0,,
APF-655T_4_16_D_1,804,,18,0,0,0,0,,,,A-2837T_5_6_D_1,821,3-Jan,18,0,1,0,0,,
APF-676T_4_19_D_1,807,,18,0,0,0,0,,,,A-2863T_5_7_D_1,822,,18,0,0,0,0,,
APF-688T_4_20_D_1,808,,18,0,0,0,0,,,,A-2884T_5_8_D_1,823,,18,0,0,0,0,,
APF-690T_4_21_D_1,809,,18,0,0,0,0,2 cuttings,2 cuttings,,A-2885T_5_9_D_1,824,,18,0,0,0,0,,
PrimeArkFreedom_4_23_D_1,811,,18,0,0,0,0,,,,A-2886T_5_10_D_1,825,,18,0,0,0,0,,
A-2926T_4_24_D_1,812,,18,0,0,0,0,,,,A-2893T_5_11_D_1,826,,18,0,0,0,0,,
Ouachita_5_D_1,815,,18,0,0,0,0,,,,APF-651T_5_12_D_1,827,20-Dec,18,3,3,3,3,3 floral buds,3 floral buds af 14 and 28
A-2950T_5_1_D_1,816,,18,0,0,0,0,,,,APF-658T_5_13_D_1,828,3-Jan,19,0,1,0,0,,
A-2967T_5_2_D_1,817,,18,0,0,0,0,,,,APF-659T_5_14_D_1,829,,18,0,0,0,0,,
A-2709T_5_3_D_1,818,,18,0,0,0,0,,,,APF-664T_5_15_D_1,830,,18,0,0,0,0,,
Caddo_5_4_D_1,819,,18,0,0,0,0,,,,APF-667T_5_16_D_1,831,,,,,0,0,no cuttings,no cuttings
Navaho_5_5_D_1,820,,18,0,0,0,0,,,,APF-668T_5_17_D_1,832,,,,,0,0,no cuttings,no cuttings
A-2837T_5_6_D_1,821,,18,0,0,0,0,,,,APF-677T_5_18_D_1,833,,,,,0,0,no cuttings,no cuttings
A-2863T_5_7_D_1,822,,18,0,0,0,0,,,,APF-687T_5_19_D_1,834,20-Dec,18,2,2,0,0,,
A-2884T_5_8_D_1,823,,18,0,0,0,0,,,,APF-697T_5_20_D_1,835,20-Dec,19,3,6,0,0,,
A-2885T_5_9_D_1,824,,18,0,0,0,0,,,,APF-698T_5_21_D_1,836,20-Dec,18,5,6,0,0,,
A-2886T_5_10_D_1,825,,18,0,0,0,0,,,,APF-702T_5_22_D_1,837,20-Dec,17,1,1,0,0,,
A-2893T_5_11_D_1,826,,18,0,0,0,0,,,,A-2922T_5_23_D_1,838,,18,0,0,0,0,,
APF-658T_5_13_D_1,828,,18,0,0,0,0,,,,A-2931TN_5_24_D_1,839,,18,0,0,0,0,,
APF-659T_5_14_D_1,829,,18,0,0,0,0,,,,APF-662TN_5_25_D_1,840,,18,0,0,0,0,,
APF-664T_5_15_D_1,830,,18,0,0,0,0,,,,Osage_6_D_1,841,3-Jan,15,0,3,0,0,,
APF-687T_5_19_D_1,834,,18,0,0,0,0,,,,Ouachita_6_D_1,842,,18,0,0,0,0,,
APF-697T_5_20_D_1,835,,18,0,0,0,0,,,,A-2946T_6_1_D_1,843,,18,0,0,0,0,,
A-2922T_5_23_D_1,838,,18,0,0,0,0,,,,A-2733T_6_2_D_1,844,,18,0,0,0,0,,
A-2931TN_5_24_D_1,839,,18,0,0,0,0,,,,Tupy_6_3_D_1,845,,18,0,0,0,0,,
A-2946T_6_1_D_1,843,,18,0,0,0,0,,,,A-2652T_6_4_D_1,846,,18,0,0,0,0,,
A-2733T_6_2_D_1,844,,18,0,0,0,0,,,,A-2821T_6_5_D_1,847,,18,0,0,0,0,,
Tupy_6_3_D_1,845,,18,0,0,0,0,,,,A-2687T_6_6_D_1,848,,18,0,0,0,0,,
A-2652T_6_4_D_1,846,,18,0,0,0,0,,,,A-2832T_6_7_D_1,849,,18,0,0,0,0,,
A-2821T_6_5_D_1,847,,18,0,0,0,0,,,,A-2834T_6_8_D_1,850,,18,0,0,0,0,,
A-2687T_6_6_D_1,848,,18,0,0,0,0,,,,A-2849T_6_9_D_1,851,,18,0,0,0,0,,
A-2832T_6_7_D_1,849,,18,0,0,0,0,,,,A-2851T_6_10_D_1,852,,18,0,0,0,0,,
A-2834T_6_8_D_1,850,,18,0,0,0,0,,,,A-2856T_6_11_D_1,853,,18,0,0,0,0,,
A-2849T_6_9_D_1,851,,18,0,0,0,0,,,,A-2857T_6_12_D_1,854,,18,0,0,0,0,,
A-2851T_6_10_D_1,852,,18,0,0,0,0,,,,A-2861T_6_13_D_1,855,,18,0,0,0,0,,
A-2856T_6_11_D_1,853,,18,0,0,0,0,,,,A-2862T_6_14_D_1,856,,18,0,0,0,0,,
A-2857T_6_12_D_1,854,,18,0,0,0,0,,,,A-2870T_6_15_D_1,857,,18,0,0,0,0,,
A-2861T_6_13_D_1,855,,18,0,0,0,0,,,,A-2878T_6_16_D_1,858,,18,0,0,0,0,,
A-2862T_6_14_D_1,856,,18,0,0,0,0,,,,A-2879T_6_17_D_1,859,,18,0,0,0,0,,
A-2870T_6_15_D_1,857,,18,0,0,0,0,,,,A-2899T_6_18_D_1,860,,18,0,0,0,0,,
A-2878T_6_16_D_1,858,,18,0,0,0,0,,,,A-2904T_6_19_D_1,861,,18,0,0,0,0,,
A-2879T_6_17_D_1,859,,18,0,0,0,0,,,,A-2906T_6_20_D_1,862,,18,0,0,0,0,,
A-2899T_6_18_D_1,860,,18,0,0,0,0,,,,A-2909T_6_21_D_1,863,20-Dec,18,3,5,0,0,,
A-2904T_6_19_D_1,861,,18,0,0,0,0,,,,APF-649T_6_22_D_1,864,,18,0,0,0,0,,
A-2906T_6_20_D_1,862,,18,0,0,0,0,,,,APF-680T_6_23_D_1,865,,18,0,0,0,0,,
A-2909T_6_21_D_1,863,,18,0,0,0,0,,,,APF-685T_6_24_D_1,866,,,,,0,0,no cuttings,no cuttings
APF-649T_6_22_D_1,864,,18,0,0,0,0,,,,A-2956TN_6_25_D_1,867,,18,0,0,0,0,,
Ouachita_7_D_1,869,,18,0,0,0,0,,,,Osage_7_D_1,868,3-Jan,16,0,5,0,0,,
A-2945T_7_1_D_1,870,,18,0,0,0,0,,,,Ouachita_7_D_1,869,,18,0,0,0,0,,
A-2947T_7_2_D_1,871,,18,0,0,0,0,,,,A-2945T_7_1_D_1,870,,18,0,0,0,0,,
A-2963T_7_3_D_1,872,,18,0,0,0,0,,,,A-2947T_7_2_D_1,871,,18,0,0,0,0,,
A-2969T_7_4_D_1,873,,18,0,0,0,0,,,,A-2963T_7_3_D_1,872,,18,0,0,0,0,,
Ouachita_7_5_D_1,874,,18,0,0,0,0,,,,A-2969T_7_4_D_1,873,,18,0,0,0,0,,
A-2484T_7_6_D_1,875,,18,0,0,0,0,,,,Ouachita_7_5_D_1,874,,18,0,0,0,0,,
A-2520T_7_7_D_1,876,,18,0,0,0,0,,,,A-2484T_7_6_D_1,875,,18,0,0,0,0,,
A-2810T_7_8_D_1,877,,18,0,0,0,0,,,,A-2520T_7_7_D_1,876,,18,0,0,0,0,,
A-2880T_7_9_D_1,878,,18,0,0,0,0,,,,A-2810T_7_8_D_1,877,,18,0,0,0,0,,
A-2892T_7_10_D_1,879,,18,0,0,0,0,,,,A-2880T_7_9_D_1,878,,18,0,0,0,0,,
A-2908T_7_11_D_1,880,,18,0,0,0,0,2 cuttings only,2 cuttings only,,A-2892T_7_10_D_1,879,,18,0,0,0,0,,
A-2912T_7_12_D_1,881,,18,0,0,0,0,,,,A-2908T_7_11_D_1,880,,18,0,0,0,0,,
APF-660T_7_14_D_1,883,,18,0,0,0,0,,,,A-2912T_7_12_D_1,881,20-Dec,19,1,1,0,0,,
APF-679T_7_15_D_1,884,,18,0,0,0,0,,,,APF-647T_7_13_D_1,882,3-Jan,17,0,1,0,0,,
A-2916T_7_21_D_1,890,,18,0,0,0,0,,,,APF-660T_7_14_D_1,883,,18,0,0,0,0,,
A-2921T_7_22_D_1,891,,18,0,0,0,0,,,,APF-679T_7_15_D_1,884,,18,0,0,0,0,,
A-2752T_7_23_D_1,892,,18,0,0,0,0,2 cuttings,2 cuttings,,APF-691T_7_16_D_1,885,,18,0,0,0,0,,
Ouachita_8_D_1,896,,18,0,0,0,0,,,,APF-696T_7_17_D_1,886,20-Dec,18,1,1,0,0,,
A-2952T_8_1_D_1,897,,18,0,0,0,0,,,,APF-703T_7_18_D_1,887,,,,,0,0,no cuttings,no cuttings
A-2955T_8_2_D_1,898,,18,0,0,0,0,,,,APF-707T_7_19_D_1,888,,18,0,0,0,0,,
A-2962T_8_3_D_1,899,,18,0,0,0,0,,,,APF-708T_7_20_D_1,889,20-Dec,18,1,1,0,0,,
A-2964T_8_4_D_1,900,,18,0,0,0,0,,,,A-2916T_7_21_D_1,890,,18,0,0,0,0,,
A-2825T_8_5_D_1,901,,18,0,0,0,0,,,,A-2921T_7_22_D_1,891,,18,0,0,0,0,,
A-2701T_8_6_D_1,902,,18,0,0,0,0,,,,A-2752T_7_23_D_1,892,,18,0,0,0,0,,
Stella_8_8_D_1,904,,18,0,0,0,0,,,,A-2930TN_7_24_D_1,893,,18,0,0,0,0,,
A-2684T_8_9_D_1,905,,18,0,0,0,0,,,,A-2942TN_7_25_D_1,894,3-Jan,17,0,1,0,0,,
A-2615T_8_11_D_1,907,,18,0,0,0,0,,,,Osage_8_D_1,895,,18,0,0,0,0,,
A-2828T_8_13_D_1,909,,18,0,0,0,0,,,,Ouachita_8_D_1,896,,18,0,0,0,0,,
A-2874T_8_14_D_1,910,,18,0,0,0,0,,,,A-2952T_8_1_D_1,897,,18,0,0,0,0,,
A-2891T_8_16_D_1,912,,18,0,0,0,0,,,,A-2955T_8_2_D_1,898,,18,0,0,0,0,,
APF-654T_8_18_D_1,914,,18,0,0,0,0,,,,A-2962T_8_3_D_1,899,,18,0,0,0,0,,
APF-678T_8_19_D_1,915,,18,0,0,0,0,,,,A-2964T_8_4_D_1,900,,18,0,0,0,0,,
APF-485T_8_21_D_1,917,,18,0,0,0,0,,,,A-2825T_8_5_D_1,901,,18,0,0,0,0,,
A-2791TNPF_8_22_D_1,918,,18,0,0,0,0,,,,A-2701T_8_6_D_1,902,,18,0,0,0,0,,
A-2868TN_8_23_D_1,919,,18,0,0,0,0,,,,A-1960T_8_7_D_1,903,,,,,0,0,no cuttings,no cuttings
Ouachita_9_D_1,923,,18,0,0,0,0,,,,Stella_8_8_D_1,904,,18,0,0,0,0,,
A-2826T_9_1_D_1,924,,18,0,0,0,0,,,,A-2684T_8_9_D_1,905,,18,0,0,0,0,,
A-2685T_9_2_D_1,925,,18,0,0,0,0,,,,A-2710T_8_10_D_1,906,,18,0,0,0,0,,
Apache_9_3_D_1,926,,18,0,0,0,0,,,,A-2615T_8_11_D_1,907,20-Dec,16,9,9,0,0,,
A-2778T_9_4_D_1,927,,18,0,0,0,0,,,,A-2617T_8_12_D_1,908,,18,0,0,0,0,,
Von_9_5_D_1,928,,18,0,0,0,0,,,,A-2828T_8_13_D_1,909,,18,0,0,0,0,,
A-2453T_9_6_D_1,929,,18,0,0,0,0,,,,A-2874T_8_14_D_1,910,,18,0,0,0,0,,
A-2807T_9_7_D_1,930,,18,0,0,0,0,,,,A-2877T_8_15_D_1,911,20-Dec,17,15,17,0,0,,
A-2897T_9_8_D_1,931,,18,0,0,0,0,,,,A-2891T_8_16_D_1,912,,18,0,0,0,0,,
APF-672TN_1_25_A_1,27,,,,,,,no cuttings,no cuttings,,A-2900T_8_17_D_1,913,,18,0,0,0,0,,
APF-689T_2_16_A_1,45,,,,,,,no cuttings,no cuttings,,APF-654T_8_18_D_1,914,,18,0,0,0,0,,
APF-701T_2_18_A_1,47,,,,,,,no cuttings,no cuttings,,APF-678T_8_19_D_1,915,,18,0,0,0,0,,
APF-703TN_3_25_A_1,81,,,,,,,no cuttings,no cuttings,,APF-692T_8_20_D_1,916,,18,0,0,0,0,,
APF-675T_4_18_A_1,101,,,,,,,no cuttings,no cuttings,,APF-485T_8_21_D_1,917,20-Dec,17,4,4,0,0,,
APF-703T_7_18_A_1,182,,,,,,,no cuttings,no cuttings,,A-2791TNPF_8_22_D_1,918,,18,0,0,0,0,,
A-1960T_8_7_A_1,198,,,,,,,no cuttings,no cuttings,,A-2868TN_8_23_D_1,919,,18,0,0,0,0,,
APF-672TN_1_25_B_1,262,,,,,,,no cuttings,no cuttings,,A-2940TN_8_24_D_1,920,3-Jan,18,0,1,0,0,,
APF-701T_2_18_B_1,282,,,,,,,no cuttings,no cuttings,,APF-645TN_8_25_D_1,921,,18,0,0,0,0,,
APF-705T_2_19_B_1,283,,,,,,,no cuttings,no cuttings,,Osage_9_D_1,922,,18,0,0,0,0,,
APF-703TN_3_25_B_1,316,,,,,,,no cuttings,no cuttings,,Ouachita_9_D_1,923,,18,0,0,0,0,,
APF-675T_4_18_B_1,336,,,,,,,no cuttings,no cuttings,,A-2826T_9_1_D_1,924,20-Dec,18,1,6,0,0,,
APF-703T_7_18_B_1,417,,,,,,,no cuttings,no cuttings,,A-2685T_9_2_D_1,925,,18,0,0,0,0,,
A-1960T_8_7_B_1,433,,,,,,,no cuttings,no cuttings,,Apache_9_3_D_1,926,,18,0,0,0,0,,
APF-672TN_1_25_C_1,497,,,,,,,no cuttings,no cuttings,,A-2778T_9_4_D_1,927,,18,0,0,0,0,,
APF-701T_2_18_C_1,517,,,,,,,no cuttings,no cuttings,,Von_9_5_D_1,928,,18,0,0,0,0,,
APF-703TN_3_25_C_1,551,,,,,,,,no cuttings,,A-2453T_9_6_D_1,929,,18,0,0,0,0,,
APF-675T_4_18_C_1,571,,,,,,,no cuttings,no cuttings,,A-2807T_9_7_D_1,930,,18,0,0,0,0,,
APF-703T_7_18_C_1,652,,,,,,,no cuttings,no cuttings,,A-2897T_9_8_D_1,931,,18,0,0,0,0,,
A-1960T_8_7_C_1,668,,,,,,,no cuttings,no cuttings,,APF-648T_9_9_D_1,932,20-Dec,18,2,4,2,4,2 floral buds,4 floral buds d28
APF-672TN_1_25_D_1,732,,,,,,,no cuttings,no cuttings,,APF-674T_9_10_D_1,933,20-Dec,19,2,3,0,0,,
APF-701T_2_18_D_1,752,,,,,,,no cuttings,no cuttings,,APF-681T_9_11_D_1,934,,18,0,0,0,0,,
APF-665T_3_19_D_1,780,,,,,,,no cuttings,no cuttings,,APF-682T_9_12_D_1,935,20-Dec,19,2,5,0,0,,
APF-703TN_3_25_D_1,786,,,,,,,no cuttings,no cuttings,,APF-686T_9_13_D_1,936,20-Dec,18,4,8,0,0,,
APF-675T_4_18_D_1,806,,18,,,,,no cuttings,no cuttings,,APF-704T_9_14_D_1,937,,18,0,0,0,0,,
APF-685T_6_24_D_1,866,,,,,,,no cuttings,no cuttings,,A-2917T_9_15_D_1,938,3-Jan,18,0,3,0,0,,
APF-703T_7_18_D_1,887,,,,,,,no cuttings,no cuttings,,A-2933TN_9_16_D_1,939,,18,0,0,0,0,,
A-1960T_8_7_D_1,903,,,,,,,no cuttings,no cuttings,,A-2957TN_9_17_D_1,940,,18,0,0,0,0,,
